t,ear,ear_ratio,blink_blend,state,score,level,perclos,yawns,yaw_dev,pitch_dev,distracted,microsleep,blink_rate,ground_truth
4.048,0.3044,1.0334,0.1613,OLHOS ABERTOS,0.0,0,0.0,0,-0.9,1.7,0,0,0.0,0
4.143,0.3062,1.0397,0.1612,OLHOS ABERTOS,0.0,0,0.0,0,-0.9,1.6,0,0,0.0,0
4.261,0.3062,1.0397,0.1632,OLHOS ABERTOS,0.0,0,0.0,0,-0.8,1.8,0,0,0.0,0
4.356,0.3062,1.0396,0.1613,OLHOS ABERTOS,0.0,0,0.0,0,-0.9,1.8,0,0,0.0,0
4.453,0.3056,1.0375,0.161,OLHOS ABERTOS,0.0,0,0.0,0,-1.1,1.6,0,0,0.0,0
4.544,0.3058,1.0383,0.1603,OLHOS ABERTOS,0.0,0,0.0,0,-1.1,1.6,0,0,0.0,0
4.656,0.3069,1.0419,0.1613,OLHOS ABERTOS,0.0,0,0.0,0,-1.1,1.7,0,0,0.0,0
4.751,0.3089,1.0489,0.1578,OLHOS ABERTOS,0.0,0,0.0,0,-1.1,1.6,0,0,0.0,0
4.847,0.3104,1.0538,0.1531,OLHOS ABERTOS,0.0,0,0.0,0,-1.1,1.7,0,0,0.0,0
4.945,0.31,1.0526,0.152,OLHOS ABERTOS,0.0,0,0.0,0,-1.1,1.8,0,0,0.0,0
5.056,0.3095,1.0509,0.1504,OLHOS ABERTOS,0.0,0,0.0,0,-1.0,2.0,0,0,0.0,0
5.151,0.3091,1.0494,0.1536,OLHOS ABERTOS,0.0,0,0.0,0,-1.1,1.8,0,0,0.0,0
5.248,0.3094,1.0505,0.1535,OLHOS ABERTOS,0.0,0,0.0,0,-1.2,1.8,0,0,0.0,0
5.343,0.3115,1.0575,0.1476,OLHOS ABERTOS,0.0,0,0.0,0,-1.2,1.7,0,0,0.0,0
5.456,0.3122,1.0598,0.1433,OLHOS ABERTOS,0.0,0,0.0,0,-1.2,1.7,0,0,0.0,0
5.551,0.3136,1.0648,0.1396,OLHOS ABERTOS,0.0,0,0.0,0,-1.2,1.9,0,0,0.0,0
5.647,0.1508,0.512,0.5183,OLHOS FECHADOS,4.32,0,0.037,0,-1.7,1.1,0,0,0.0,0
5.744,0.2088,0.7091,0.3483,SEMICERRADO,6.06,0,0.0714,0,-1.6,1.0,0,0,0.0,0
5.857,0.2591,0.8796,0.2602,OLHOS ABERTOS,3.24,0,0.069,0,-1.5,1.2,0,0,1.0,0
5.953,0.2755,0.9353,0.2255,OLHOS ABERTOS,0.84,0,0.0667,0,-1.4,1.3,0,0,1.0,0
6.049,0.2915,0.9896,0.1954,OLHOS ABERTOS,0.0,0,0.0645,0,-1.4,1.3,0,0,1.0,0
6.145,0.2989,1.0149,0.1799,OLHOS ABERTOS,0.0,0,0.0625,0,-1.4,1.3,0,0,1.0,0
6.256,0.3012,1.0225,0.173,OLHOS ABERTOS,0.0,0,0.0606,0,-1.3,1.5,0,0,1.0,0
6.352,0.3017,1.0245,0.1675,OLHOS ABERTOS,0.0,0,0.0588,0,-1.3,1.7,0,0,1.0,0
6.457,0.2909,0.9878,0.1502,OLHOS ABERTOS,0.0,0,0.0571,0,-1.2,1.4,0,0,1.0,0
6.544,0.2937,0.9973,0.1435,OLHOS ABERTOS,0.0,0,0.0556,0,-1.2,1.2,0,0,1.0,0
6.658,0.2939,0.9977,0.1384,OLHOS ABERTOS,0.0,0,0.0541,0,-1.2,1.0,0,0,1.0,0
6.751,0.2978,1.0112,0.1367,OLHOS ABERTOS,0.0,0,0.0526,0,-1.0,0.8,0,0,1.0,0
6.848,0.2996,1.0173,0.1342,OLHOS ABERTOS,0.0,0,0.0513,0,-1.1,0.8,0,0,1.0,0
6.944,0.2986,1.0139,0.1336,OLHOS ABERTOS,0.0,0,0.05,0,-1.1,0.7,0,0,1.0,0
7.055,0.2907,0.9869,0.1765,OLHOS ABERTOS,0.0,0,0.0488,0,-1.2,0.9,0,0,1.0,0
7.152,0.2914,0.9892,0.1806,OLHOS ABERTOS,0.0,0,0.0476,0,-1.2,1.0,0,0,1.0,0
7.247,0.3054,1.0367,0.1647,OLHOS ABERTOS,0.0,0,0.0465,0,-1.4,1.2,0,0,1.0,0
7.344,0.3035,1.0303,0.1678,OLHOS ABERTOS,0.0,0,0.0455,0,-1.4,1.5,0,0,1.0,0
7.456,0.3057,1.0381,0.1585,OLHOS ABERTOS,0.0,0,0.0444,0,-1.5,1.4,0,0,1.0,0
7.552,0.3057,1.038,0.1584,OLHOS ABERTOS,0.0,0,0.0435,0,-1.4,1.5,0,0,1.0,0
7.648,0.3057,1.0379,0.1607,OLHOS ABERTOS,0.0,0,0.0426,0,-1.5,1.2,0,0,1.0,0
7.744,0.3075,1.044,0.1636,OLHOS ABERTOS,0.0,0,0.0417,0,-1.6,1.1,0,0,1.0,0
7.855,0.3039,1.0318,0.1674,OLHOS ABERTOS,0.0,0,0.0408,0,-1.6,1.1,0,0,1.0,0
7.954,0.2974,1.0098,0.1736,OLHOS ABERTOS,0.0,0,0.04,0,-1.6,0.8,0,0,1.0,0
8.048,0.2994,1.0165,0.1622,OLHOS ABERTOS,0.0,0,0.0392,0,-1.6,0.7,0,0,1.0,0
8.144,0.2975,1.0101,0.1525,OLHOS ABERTOS,0.0,0,0.0385,0,-1.7,0.2,0,0,1.0,0
8.268,0.2968,1.0077,0.1431,OLHOS ABERTOS,0.0,0,0.0377,0,-1.8,-0.3,0,0,1.0,0
8.353,0.29,0.9847,0.1433,OLHOS ABERTOS,0.0,0,0.037,0,-1.6,-0.3,0,0,1.0,0
8.46,0.2899,0.9844,0.1424,OLHOS ABERTOS,0.0,0,0.0364,0,-1.6,-0.7,0,0,1.0,0
8.548,0.2916,0.99,0.1391,OLHOS ABERTOS,0.0,0,0.0357,0,-1.6,-0.7,0,0,1.0,0
8.657,0.2924,0.9928,0.1395,OLHOS ABERTOS,0.0,0,0.0351,0,-1.5,-0.6,0,0,1.0,0
8.754,0.293,0.9949,0.1384,OLHOS ABERTOS,0.0,0,0.0345,0,-1.5,-0.5,0,0,1.0,0
8.848,0.292,0.9913,0.1406,OLHOS ABERTOS,0.0,0,0.0339,0,-1.5,-0.5,0,0,1.0,0
8.943,0.292,0.9914,0.1424,OLHOS ABERTOS,0.0,0,0.0333,0,-1.5,-0.5,0,0,1.0,0
9.055,0.2832,0.9616,0.1579,OLHOS ABERTOS,0.0,0,0.0328,0,-1.5,-0.8,0,0,1.0,0
9.152,0.2833,0.9618,0.1534,OLHOS ABERTOS,0.0,0,0.0323,0,-1.4,-0.8,0,0,1.0,0
9.251,0.2848,0.9671,0.1553,OLHOS ABERTOS,0.0,0,0.0317,0,-1.4,-0.9,0,0,1.0,0
9.344,0.2839,0.964,0.155,OLHOS ABERTOS,0.0,0,0.0312,0,-1.4,-0.9,0,0,1.0,0
9.456,0.2863,0.972,0.1498,OLHOS ABERTOS,0.0,0,0.0308,0,-1.3,-0.7,0,0,1.0,0
9.558,0.2825,0.959,0.1595,OLHOS ABERTOS,0.0,0,0.0303,0,-1.2,-0.7,0,0,1.0,0
9.654,0.2812,0.9548,0.1634,OLHOS ABERTOS,0.0,0,0.0299,0,-1.2,-0.7,0,0,1.0,0
9.746,0.2818,0.9569,0.1651,OLHOS ABERTOS,0.0,0,0.0294,0,-1.2,-0.7,0,0,1.0,0
9.855,0.2809,0.9536,0.1657,OLHOS ABERTOS,0.0,0,0.029,0,-1.3,-0.7,0,0,1.0,0
9.952,0.2814,0.9556,0.1675,OLHOS ABERTOS,0.0,0,0.0286,0,-1.5,-0.7,0,0,1.0,0
10.054,0.2811,0.9543,0.1718,OLHOS ABERTOS,0.0,0,0.0282,0,-1.5,-0.7,0,0,1.0,0
10.147,0.276,0.9369,0.1806,OLHOS ABERTOS,0.0,0,0.0278,0,-1.3,-0.6,0,0,1.0,0
10.256,0.2781,0.9441,0.1807,OLHOS ABERTOS,0.0,0,0.0274,0,-1.3,-0.6,0,0,1.0,0
10.352,0.2777,0.9429,0.1814,OLHOS ABERTOS,0.0,0,0.027,0,-1.3,-0.5,0,0,1.0,0
10.449,0.2779,0.9436,0.1804,OLHOS ABERTOS,0.0,0,0.0267,0,-1.2,-0.4,0,0,1.0,0
10.544,0.2781,0.9444,0.1788,OLHOS ABERTOS,0.0,0,0.0263,0,-1.0,-0.4,0,0,1.0,0
10.656,0.2783,0.945,0.1812,OLHOS ABERTOS,0.0,0,0.026,0,-1.0,-0.3,0,0,1.0,0
10.752,0.2791,0.9476,0.1783,OLHOS ABERTOS,0.0,0,0.0256,0,-1.0,-0.1,0,0,1.0,0
10.849,0.2774,0.9419,0.1791,OLHOS ABERTOS,0.0,0,0.0253,0,-1.0,-0.1,0,0,1.0,0
10.944,0.2751,0.9341,0.1832,OLHOS ABERTOS,0.0,0,0.025,0,-1.0,0.1,0,0,1.0,0
11.056,0.2726,0.9255,0.1905,OLHOS ABERTOS,0.0,0,0.0247,0,-1.0,0.1,0,0,1.0,0
11.152,0.2758,0.9365,0.1808,OLHOS ABERTOS,0.0,0,0.0244,0,-1.1,0.0,0,0,1.0,0
11.247,0.2753,0.9347,0.1853,OLHOS ABERTOS,0.0,0,0.0241,0,-1.1,0.2,0,0,1.0,0
11.343,0.2791,0.9477,0.177,OLHOS ABERTOS,0.0,0,0.0238,0,-1.0,0.3,0,0,1.0,0
11.456,0.2766,0.9392,0.1815,OLHOS ABERTOS,0.0,0,0.0235,0,-1.0,0.2,0,0,1.0,0
11.551,0.2749,0.9334,0.1849,OLHOS ABERTOS,0.0,0,0.0233,0,-1.1,0.2,0,0,1.0,0
11.65,0.2753,0.9348,0.182,OLHOS ABERTOS,0.0,0,0.023,0,-1.2,0.3,0,0,1.0,0
11.743,0.2718,0.9229,0.1919,OLHOS ABERTOS,0.0,0,0.0227,0,-1.1,0.4,0,0,1.0,0
11.856,0.27,0.9168,0.194,OLHOS ABERTOS,0.0,0,0.0225,0,-1.2,0.3,0,0,1.0,0
11.953,0.27,0.9166,0.1983,OLHOS ABERTOS,0.0,0,0.0222,0,-1.3,0.4,0,0,1.0,0
12.052,0.2667,0.9054,0.1983,OLHOS ABERTOS,0.0,0,0.022,0,-1.2,0.4,0,0,1.0,0
12.146,0.2674,0.9079,0.1924,OLHOS ABERTOS,0.0,0,0.0217,0,-1.1,0.4,0,0,1.0,0
12.26,0.2682,0.9105,0.1911,OLHOS ABERTOS,0.0,0,0.0215,0,-1.0,0.4,0,0,1.0,0
12.354,0.2683,0.911,0.19,OLHOS ABERTOS,0.0,0,0.0213,0,-1.0,0.4,0,0,1.0,0
12.451,0.2689,0.9129,0.188,OLHOS ABERTOS,0.0,0,0.0211,0,-1.0,0.3,0,0,1.0,0
12.551,0.2687,0.9123,0.1854,OLHOS ABERTOS,0.0,0,0.0208,0,-1.0,0.3,0,0,1.0,0
12.658,0.2692,0.914,0.1852,OLHOS ABERTOS,0.0,0,0.0206,0,-1.1,0.3,0,0,1.0,0
12.754,0.2675,0.9081,0.19,OLHOS ABERTOS,0.0,0,0.0204,0,-1.0,0.2,0,0,1.0,0
12.849,0.2688,0.9126,0.1871,OLHOS ABERTOS,0.0,0,0.0202,0,-1.0,0.2,0,0,1.0,0
12.944,0.2706,0.9189,0.1822,OLHOS ABERTOS,0.0,0,0.02,0,-1.0,0.2,0,0,1.0,0
13.057,0.0845,0.2869,0.673,OLHOS FECHADOS,5.09,0,0.0297,0,-1.5,-0.1,0,0,1.0,0
13.151,0.086,0.292,0.6525,OLHOS FECHADOS,9.32,0,0.0392,0,-1.5,0.2,0,0,1.0,0
13.247,0.1593,0.5407,0.4433,OLHOS FECHADOS,13.67,0,0.0485,0,-1.3,0.2,0,0,1.0,0
13.343,0.2056,0.6981,0.2897,SEMICERRADO,15.4,0,0.0577,0,-1.1,0.2,0,0,1.0,0
13.457,0.2277,0.773,0.2414,SEMICERRADO,17.45,0,0.0667,0,-1.0,0.3,0,0,1.0,0
13.552,0.2451,0.8323,0.2205,OLHOS ABERTOS,15.07,0,0.066,0,-1.1,0.2,0,0,1.0,0
13.647,0.2538,0.8616,0.2146,OLHOS ABERTOS,12.71,0,0.0654,0,-1.1,0.4,0,0,1.0,0
13.744,0.2791,0.9475,0.1902,OLHOS ABERTOS,10.28,0,0.0648,0,-1.3,0.9,0,0,1.0,0
13.855,0.287,0.9743,0.1753,OLHOS ABERTOS,7.5,0,0.0642,0,-1.4,1.0,0,0,1.0,0
13.951,0.2952,1.0022,0.1649,OLHOS ABERTOS,5.11,0,0.0636,0,-1.6,1.5,0,0,1.0,0
14.049,0.2933,0.9958,0.1693,OLHOS ABERTOS,2.66,0,0.0631,0,-1.6,1.7,0,0,1.0,0
14.149,0.294,0.9981,0.1665,OLHOS ABERTOS,0.17,0,0.0625,0,-1.6,1.7,0,0,1.0,0
14.256,0.293,0.9949,0.169,OLHOS ABERTOS,0.0,0,0.0619,0,-1.6,1.7,0,0,1.0,0
14.352,0.2944,0.9995,0.1588,OLHOS ABERTOS,0.0,0,0.0614,0,-1.6,1.7,0,0,1.0,0
14.447,0.2964,1.0065,0.147,OLHOS ABERTOS,0.0,0,0.0609,0,-1.7,1.6,0,0,1.0,0
14.544,0.298,1.0119,0.1405,OLHOS ABERTOS,0.0,0,0.0603,0,-1.6,1.9,0,0,1.0,0
14.655,0.2987,1.0142,0.1406,OLHOS ABERTOS,0.0,0,0.0598,0,-1.6,1.9,0,0,1.0,0
14.751,0.2996,1.0171,0.1447,OLHOS ABERTOS,0.0,0,0.0593,0,-1.7,1.9,0,0,1.0,0
14.848,0.2988,1.0143,0.1482,OLHOS ABERTOS,0.0,0,0.0588,0,-1.7,1.7,0,0,1.0,0
14.943,0.2993,1.0162,0.1507,OLHOS ABERTOS,0.0,0,0.0583,0,-1.5,2.1,0,0,1.0,0
15.055,0.3005,1.0204,0.155,OLHOS ABERTOS,0.0,0,0.0579,0,-1.4,2.0,0,0,1.0,0
15.152,0.2998,1.0179,0.1564,OLHOS ABERTOS,0.0,0,0.0574,0,-1.4,2.0,0,0,1.0,0
15.248,0.2984,1.013,0.1488,OLHOS ABERTOS,0.0,0,0.0569,0,-1.4,2.0,0,0,1.0,0
15.345,0.2989,1.0149,0.148,OLHOS ABERTOS,0.0,0,0.0565,0,-1.3,2.0,0,0,1.0,0
15.457,0.2982,1.0126,0.1444,OLHOS ABERTOS,0.0,0,0.056,0,-1.3,1.9,0,0,1.0,0
15.551,0.3039,1.0319,0.135,OLHOS ABERTOS,0.0,0,0.0556,0,-1.3,1.9,0,0,1.0,0
15.648,0.3057,1.0381,0.1318,OLHOS ABERTOS,0.0,0,0.0551,0,-1.4,1.8,0,0,1.0,0
15.743,0.3074,1.0438,0.1275,OLHOS ABERTOS,0.0,0,0.0547,0,-1.3,1.8,0,0,1.0,0
15.856,0.3077,1.0447,0.126,OLHOS ABERTOS,0.0,0,0.0543,0,-1.3,1.9,0,0,1.0,0
15.952,0.3091,1.0495,0.1252,OLHOS ABERTOS,0.0,0,0.0538,0,-1.3,1.8,0,0,1.0,0
16.047,0.3054,1.0368,0.1357,OLHOS ABERTOS,0.0,0,0.0534,0,-1.3,1.8,0,0,1.0,0
16.143,0.3045,1.0337,0.1353,OLHOS ABERTOS,0.0,0,0.053,0,-1.3,1.8,0,0,1.0,0
16.256,0.3009,1.0216,0.1417,OLHOS ABERTOS,0.0,0,0.0526,0,-1.3,1.9,0,0,1.0,0
16.351,0.2981,1.012,0.1502,OLHOS ABERTOS,0.0,0,0.0522,0,-1.4,1.7,0,0,1.0,0
16.45,0.2959,1.0048,0.1574,OLHOS ABERTOS,0.0,0,0.0519,0,-1.4,1.8,0,0,1.0,0
16.543,0.295,1.0016,0.1603,OLHOS ABERTOS,0.0,0,0.0515,0,-1.2,1.9,0,0,1.0,0
16.655,0.2942,0.999,0.1629,OLHOS ABERTOS,0.0,0,0.0511,0,-1.2,2.0,0,0,1.0,0
16.751,0.2969,1.0079,0.1625,OLHOS ABERTOS,0.0,0,0.0507,0,-1.2,2.1,0,0,1.0,0
16.847,0.2947,1.0007,0.1641,OLHOS ABERTOS,0.0,0,0.0504,0,-1.2,2.1,0,0,1.0,0
16.944,0.2938,0.9977,0.1644,OLHOS ABERTOS,0.0,0,0.05,0,-1.2,2.2,0,0,1.0,0
17.055,0.2932,0.9956,0.1675,OLHOS ABERTOS,0.0,0,0.0496,0,-1.3,2.1,0,0,1.0,0
17.152,0.2936,0.997,0.1676,OLHOS ABERTOS,0.0,0,0.0493,0,-1.4,2.2,0,0,1.0,0
17.249,0.293,0.9947,0.1662,OLHOS ABERTOS,0.0,0,0.049,0,-1.4,2.1,0,0,1.0,0
17.344,0.2928,0.994,0.1642,OLHOS ABERTOS,0.0,0,0.0486,0,-1.5,2.1,0,0,1.0,0
17.455,0.293,0.9947,0.1642,OLHOS ABERTOS,0.0,0,0.0483,0,-1.3,2.4,0,0,1.0,0
17.553,0.2943,0.9991,0.1649,OLHOS ABERTOS,0.0,0,0.0479,0,-1.5,2.2,0,0,1.0,0
17.648,0.2914,0.9894,0.1644,OLHOS ABERTOS,0.0,0,0.0476,0,-1.5,2.1,0,0,1.0,0
17.744,0.2942,0.999,0.1682,OLHOS ABERTOS,0.0,0,0.0473,0,-1.7,2.1,0,0,1.0,0
17.857,0.2922,0.9921,0.1695,OLHOS ABERTOS,0.0,0,0.047,0,-1.6,2.2,0,0,1.0,0
17.95,0.293,0.9947,0.1717,OLHOS ABERTOS,0.0,0,0.0467,0,-1.7,2.2,0,0,1.0,0
18.047,0.292,0.9916,0.1713,OLHOS ABERTOS,0.0,0,0.0464,0,-1.7,2.1,0,0,1.0,0
18.143,0.2918,0.9907,0.1684,OLHOS ABERTOS,0.0,0,0.0461,0,-1.7,2.1,0,0,1.0,0
18.255,0.2932,0.9954,0.1679,OLHOS ABERTOS,0.0,0,0.0458,0,-1.7,2.1,0,0,1.0,0
18.352,0.2932,0.9953,0.1651,OLHOS ABERTOS,0.0,0,0.0455,0,-1.6,2.3,0,0,1.0,0
18.447,0.2928,0.9941,0.1662,OLHOS ABERTOS,0.0,0,0.0452,0,-1.5,2.3,0,0,1.0,0
18.547,0.2896,0.9833,0.1509,OLHOS ABERTOS,0.0,0,0.0449,0,-1.5,1.7,0,0,1.0,0
18.656,0.2791,0.9478,0.1703,OLHOS ABERTOS,0.0,0,0.0446,0,-1.4,1.5,0,0,1.0,0
18.751,0.2704,0.918,0.1792,OLHOS ABERTOS,0.0,0,0.0443,0,-1.3,1.1,0,0,1.0,0
18.848,0.273,0.9268,0.1728,OLHOS ABERTOS,0.0,0,0.044,0,-1.3,1.1,0,0,1.0,0
18.945,0.2737,0.9294,0.1708,OLHOS ABERTOS,0.0,0,0.0437,0,-1.1,1.1,0,0,1.0,0
19.055,0.2733,0.9279,0.1732,OLHOS ABERTOS,0.0,0,0.0435,0,-1.1,1.2,0,0,1.0,0
19.153,0.2642,0.8969,0.189,OLHOS ABERTOS,0.0,0,0.0432,0,-1.1,1.1,0,0,1.0,0
19.247,0.0901,0.3057,0.6614,OLHOS FECHADOS,4.22,0,0.0491,0,-1.4,1.4,0,0,1.0,0
19.344,0.1038,0.3523,0.5953,OLHOS FECHADOS,8.58,0,0.0549,0,-1.5,1.2,0,0,1.0,0
19.456,0.1617,0.5492,0.4073,OLHOS FECHADOS,13.61,0,0.0606,0,-1.2,1.1,0,0,1.0,0
19.551,0.2083,0.7072,0.2798,SEMICERRADO,15.33,0,0.0663,0,-1.2,0.8,0,0,1.0,0
19.648,0.2402,0.8155,0.2124,OLHOS ABERTOS,12.92,0,0.0659,0,-1.1,0.4,0,0,1.0,0
19.743,0.2533,0.8599,0.1942,OLHOS ABERTOS,10.53,0,0.0655,0,-1.1,0.4,0,0,1.0,0
19.855,0.273,0.9268,0.1874,OLHOS ABERTOS,7.73,0,0.0651,0,-1.4,0.9,0,0,1.0,0
19.952,0.3022,1.0261,0.1464,OLHOS ABERTOS,5.32,0,0.0647,0,-1.6,1.3,0,0,1.0,0
20.048,0.3102,1.0531,0.1305,OLHOS ABERTOS,2.92,0,0.0643,0,-1.5,1.6,0,0,1.0,0
20.145,0.3063,1.04,0.1335,OLHOS ABERTOS,0.5,0,0.064,0,-1.5,1.7,0,0,1.0,0
20.256,0.3048,1.0349,0.1299,OLHOS ABERTOS,0.0,0,0.0636,0,-1.6,1.8,0,0,1.0,0
20.364,0.3047,1.0346,0.1273,OLHOS ABERTOS,0.0,0,0.0632,0,-1.5,2.0,0,0,1.0,0
20.45,0.306,1.039,0.1278,OLHOS ABERTOS,0.0,0,0.0629,0,-1.6,1.9,0,0,1.0,0
20.551,0.3067,1.0414,0.1253,OLHOS ABERTOS,0.0,0,0.0625,0,-1.8,1.6,0,0,1.0,0
20.655,0.2979,1.0115,0.131,OLHOS ABERTOS,0.0,0,0.0621,0,-1.8,1.6,0,0,1.0,0
20.752,0.2781,0.9443,0.1529,OLHOS ABERTOS,0.0,0,0.0618,0,-1.6,1.2,0,0,1.0,0
20.85,0.2834,0.9621,0.1474,OLHOS ABERTOS,0.0,0,0.0615,0,-1.6,1.0,0,0,1.0,0
20.943,0.2853,0.9688,0.1488,OLHOS ABERTOS,0.0,0,0.0611,0,-1.6,0.9,0,0,1.0,0
21.057,0.2825,0.9592,0.1571,OLHOS ABERTOS,0.0,0,0.0608,0,-1.7,0.7,0,0,1.0,0
21.154,0.2829,0.9604,0.1568,OLHOS ABERTOS,0.0,0,0.0604,0,-1.6,0.8,0,0,1.0,0
21.261,0.2838,0.9637,0.158,OLHOS ABERTOS,0.0,0,0.0601,0,-1.5,0.8,0,0,1.0,0
21.356,0.2827,0.9598,0.1601,OLHOS ABERTOS,0.0,0,0.0598,0,-1.5,0.8,0,0,1.0,0
21.455,0.2631,0.8933,0.2011,OLHOS ABERTOS,0.0,0,0.0595,0,-1.6,0.6,0,0,1.0,0
21.551,0.2274,0.7721,0.2768,SEMICERRADO,1.74,0,0.0645,0,-1.5,0.5,0,0,1.0,0
21.647,0.2116,0.7184,0.3209,SEMICERRADO,3.47,0,0.0695,0,-1.5,0.4,0,0,1.0,0
21.743,0.1262,0.4283,0.576,OLHOS FECHADOS,7.77,0,0.0745,0,-1.5,0.2,0,0,1.0,0
21.856,0.1095,0.3719,0.6162,OLHOS FECHADOS,12.84,0,0.0794,0,-1.7,-0.3,0,0,1.0,0
21.951,0.0937,0.3181,0.6386,OLHOS FECHADOS,17.15,0,0.0842,0,-1.8,-0.5,0,0,1.0,0
22.047,0.0857,0.2911,0.677,OLHOS FECHADOS,21.46,0,0.089,0,-1.9,-0.7,0,0,1.0,0
22.144,0.085,0.2886,0.674,OLHOS FECHADOS,25.81,0,0.0938,0,-1.8,-1.0,0,0,1.0,0
22.255,0.0852,0.2893,0.6697,OLHOS FECHADOS,30.8,1,0.0984,0,-1.9,-1.3,0,0,1.0,0
22.352,0.0833,0.2828,0.6752,OLHOS FECHADOS,35.17,1,0.1031,0,-2.1,-1.6,0,0,1.0,0
22.447,0.0755,0.2562,0.6739,OLHOS FECHADOS,39.47,1,0.1077,0,-2.0,-1.5,0,0,1.0,0
22.545,0.0728,0.2472,0.6668,OLHOS FECHADOS,43.87,1,0.1122,0,-2.1,-1.8,0,0,1.0,0
22.657,0.0792,0.2689,0.6574,OLHOS FECHADOS,48.91,1,0.1168,0,-2.1,-2.1,0,0,1.0,0
22.763,0.0971,0.3298,0.6176,OLHOS FECHADOS,53.65,1,0.1212,0,-2.2,-2.5,0,0,1.0,0
22.854,0.0912,0.3098,0.6442,OLHOS FECHADOS,57.79,1,0.1256,0,-2.5,-3.1,0,0,1.0,0
22.944,0.0948,0.3219,0.6104,OLHOS FECHADOS,61.82,2,0.13,0,-2.4,-2.7,0,0,1.0,0
23.057,0.1089,0.3698,0.564,OLHOS FECHADOS,66.88,2,0.1343,0,-2.3,-2.4,0,0,1.0,0
23.162,0.1076,0.3653,0.5826,OLHOS FECHADOS,71.61,2,0.1386,0,-2.4,-3.5,0,0,1.0,0
23.25,0.1039,0.3528,0.589,OLHOS FECHADOS,75.57,2,0.1429,0,-2.7,-4.9,0,0,1.0,0
23.345,0.1072,0.364,0.5711,OLHOS FECHADOS,79.85,2,0.1471,0,-2.9,-6.1,0,0,1.0,0
23.461,0.1059,0.3595,0.5847,OLHOS FECHADOS,85.09,3,0.1512,0,-3.1,-7.1,0,0,1.0,0
23.551,0.109,0.3701,0.5828,OLHOS FECHADOS,89.14,3,0.1553,0,-2.9,-7.3,0,0,1.0,0
23.649,0.1074,0.3647,0.584,OLHOS FECHADOS,93.56,3,0.1594,0,-2.9,-7.5,0,1,1.0,0
23.745,0.1142,0.3876,0.5612,OLHOS FECHADOS,97.84,3,0.1635,0,-2.9,-7.5,0,1,1.0,0
23.856,0.1155,0.392,0.5481,OLHOS FECHADOS,100.0,3,0.1675,0,-2.9,-7.4,0,1,1.0,0
23.964,0.1159,0.3934,0.5514,OLHOS FECHADOS,100.0,3,0.1714,0,-2.9,-7.4,0,1,1.0,0
24.048,0.116,0.3937,0.5553,OLHOS FECHADOS,100.0,3,0.1754,0,-2.9,-7.4,0,1,1.0,0
24.144,0.1159,0.3936,0.5554,OLHOS FECHADOS,100.0,3,0.1792,0,-2.8,-7.2,0,1,1.0,0
24.255,0.1222,0.4148,0.5287,OLHOS FECHADOS,100.0,3,0.1831,0,-2.8,-7.2,0,1,1.0,0
24.358,0.1261,0.4282,0.5223,OLHOS FECHADOS,100.0,3,0.1869,0,-2.8,-7.2,0,1,1.0,0
24.45,0.1251,0.4246,0.5274,OLHOS FECHADOS,100.0,3,0.1907,0,-2.8,-7.2,0,1,1.0,0
24.546,0.1199,0.4072,0.5442,OLHOS FECHADOS,100.0,3,0.1944,0,-2.8,-7.1,0,1,1.0,0
24.656,0.1167,0.3961,0.5463,OLHOS FECHADOS,100.0,3,0.1982,0,-2.9,-7.2,0,1,1.0,0
24.752,0.1175,0.399,0.5446,OLHOS FECHADOS,100.0,3,0.2018,0,-2.9,-7.0,0,1,1.0,1
24.848,0.1179,0.4002,0.5464,OLHOS FECHADOS,100.0,3,0.2055,0,-2.8,-7.1,0,1,1.0,1
24.944,0.1183,0.4017,0.543,OLHOS FECHADOS,100.0,3,0.2091,0,-2.9,-7.1,0,1,1.0,1
25.056,0.1175,0.399,0.5467,OLHOS FECHADOS,100.0,3,0.2127,0,-2.8,-7.1,0,1,1.0,1
25.152,0.1169,0.3968,0.5491,OLHOS FECHADOS,100.0,3,0.2162,0,-3.0,-7.0,0,1,1.0,1
25.249,0.1138,0.3865,0.5533,OLHOS FECHADOS,100.0,3,0.2197,0,-3.1,-7.2,0,1,1.0,1
25.344,0.1198,0.4068,0.5387,OLHOS FECHADOS,100.0,3,0.2232,0,-3.2,-7.0,0,1,1.0,1
25.455,0.1193,0.405,0.5367,OLHOS FECHADOS,100.0,3,0.2267,0,-3.1,-7.0,0,1,1.0,1
25.552,0.1153,0.3915,0.5462,OLHOS FECHADOS,100.0,3,0.2301,0,-3.1,-7.0,0,1,1.0,1
25.647,0.1166,0.3959,0.5454,OLHOS FECHADOS,100.0,3,0.2335,0,-3.0,-6.8,0,1,1.0,1
25.745,0.1175,0.3989,0.5416,OLHOS FECHADOS,100.0,3,0.2368,0,-3.0,-6.7,0,1,1.0,1
25.855,0.1176,0.3994,0.5396,OLHOS FECHADOS,100.0,3,0.2402,0,-3.0,-6.8,0,1,1.0,1
25.952,0.0962,0.3267,0.6175,OLHOS FECHADOS,100.0,3,0.2435,0,-3.0,-6.7,0,1,1.0,1
26.048,0.0873,0.2963,0.637,OLHOS FECHADOS,100.0,3,0.2468,0,-3.1,-6.8,0,1,1.0,1
26.144,0.0894,0.3037,0.6296,OLHOS FECHADOS,100.0,3,0.25,0,-3.0,-6.8,0,1,1.0,1
26.255,0.0898,0.3049,0.6332,OLHOS FECHADOS,100.0,3,0.2532,0,-3.0,-6.7,0,1,1.0,1
26.351,0.0946,0.321,0.6116,OLHOS FECHADOS,100.0,3,0.2564,0,-3.0,-6.8,0,1,1.0,1
26.447,0.0958,0.3252,0.6063,OLHOS FECHADOS,100.0,3,0.2596,0,-3.0,-6.8,0,1,1.0,1
26.543,0.0939,0.3187,0.6103,OLHOS FECHADOS,100.0,3,0.2627,0,-3.0,-6.9,0,1,1.0,1
26.655,0.0898,0.305,0.6214,OLHOS FECHADOS,100.0,3,0.2658,0,-3.2,-6.8,0,1,1.0,1
26.751,0.0855,0.2904,0.6413,OLHOS FECHADOS,100.0,3,0.2689,0,-3.1,-7.0,0,1,1.0,1
26.848,0.0876,0.2974,0.6374,OLHOS FECHADOS,100.0,3,0.272,0,-2.9,-6.8,0,1,1.0,1
26.944,0.0846,0.2873,0.646,OLHOS FECHADOS,100.0,3,0.275,0,-2.7,-7.0,0,1,1.0,1
27.054,0.0926,0.3143,0.6323,OLHOS FECHADOS,100.0,3,0.278,0,-3.0,-6.8,0,1,1.0,1
27.152,0.0883,0.2998,0.644,OLHOS FECHADOS,100.0,3,0.281,0,-2.9,-6.5,0,1,1.0,1
27.247,0.0875,0.297,0.6477,OLHOS FECHADOS,100.0,3,0.284,0,-2.9,-6.4,0,1,1.0,1
27.344,0.0886,0.3007,0.6442,OLHOS FECHADOS,100.0,3,0.2869,0,-3.0,-6.6,0,1,1.0,1
27.455,0.0874,0.2967,0.6407,OLHOS FECHADOS,100.0,3,0.2898,0,-3.0,-6.2,0,1,1.0,1
27.55,0.0872,0.2959,0.6475,OLHOS FECHADOS,100.0,3,0.2927,0,-2.9,-6.4,0,1,1.0,1
27.649,0.0859,0.2916,0.6489,OLHOS FECHADOS,100.0,3,0.2955,0,-2.8,-6.7,0,1,1.0,1
27.743,0.0858,0.2914,0.656,OLHOS FECHADOS,100.0,3,0.2984,0,-2.9,-6.6,0,1,1.0,1
27.855,0.0873,0.2962,0.6503,OLHOS FECHADOS,100.0,3,0.3012,0,-2.9,-6.6,0,1,1.0,1
27.952,0.0844,0.2864,0.6564,OLHOS FECHADOS,100.0,3,0.304,0,-3.0,-6.7,0,1,1.0,1
28.047,0.084,0.2852,0.6548,OLHOS FECHADOS,100.0,3,0.3068,0,-3.0,-6.7,0,1,1.0,1
28.144,0.0838,0.2846,0.6513,OLHOS FECHADOS,100.0,3,0.3095,0,-3.2,-6.9,0,1,1.0,1
28.26,0.0833,0.2828,0.6526,OLHOS FECHADOS,100.0,3,0.3123,0,-3.2,-6.8,0,1,1.0,1
28.351,0.0829,0.2814,0.6558,OLHOS FECHADOS,100.0,3,0.315,0,-3.2,-6.9,0,1,1.0,1
28.451,0.0868,0.2946,0.6508,OLHOS FECHADOS,100.0,3,0.3176,0,-3.2,-6.8,0,1,1.0,1
28.543,0.0875,0.2972,0.6466,OLHOS FECHADOS,100.0,3,0.3203,0,-3.2,-6.9,0,1,1.0,1
28.655,0.0863,0.2931,0.6485,OLHOS FECHADOS,100.0,3,0.323,0,-3.1,-6.8,0,1,1.0,1
28.756,0.0873,0.2963,0.6491,OLHOS FECHADOS,100.0,3,0.3256,0,-3.0,-6.7,0,1,1.0,1
28.856,0.0869,0.2952,0.6521,OLHOS FECHADOS,100.0,3,0.3282,0,-3.0,-6.7,0,1,1.0,1
28.944,0.0855,0.2902,0.6524,OLHOS FECHADOS,100.0,3,0.3308,0,-3.1,-6.6,0,1,1.0,1
29.056,0.0848,0.2881,0.6513,OLHOS FECHADOS,100.0,3,0.3333,0,-3.1,-6.6,0,1,1.0,1
29.152,0.0851,0.289,0.6461,OLHOS FECHADOS,100.0,3,0.3359,0,-3.3,-6.8,0,1,1.0,1
29.248,0.0849,0.2882,0.6482,OLHOS FECHADOS,100.0,3,0.3384,0,-3.2,-6.8,0,1,1.0,1
29.343,0.0854,0.2898,0.6484,OLHOS FECHADOS,100.0,3,0.3409,0,-3.2,-6.7,0,1,1.0,1
29.454,0.0843,0.2863,0.6506,OLHOS FECHADOS,100.0,3,0.3434,0,-3.3,-6.8,0,1,1.0,1
29.552,0.0843,0.2861,0.6497,OLHOS FECHADOS,100.0,3,0.3459,0,-3.2,-6.9,0,1,1.0,1
29.647,0.0848,0.2878,0.6491,OLHOS FECHADOS,100.0,3,0.3483,0,-3.2,-6.9,0,1,1.0,1
29.743,0.085,0.2885,0.652,OLHOS FECHADOS,100.0,3,0.3507,0,-3.2,-6.8,0,1,1.0,1
29.855,0.0817,0.2773,0.658,OLHOS FECHADOS,100.0,3,0.3532,0,-3.1,-6.8,0,1,1.0,1
29.952,0.0822,0.2789,0.6534,OLHOS FECHADOS,100.0,3,0.3556,0,-3.3,-7.0,0,1,1.0,1
30.049,0.0824,0.2797,0.6542,OLHOS FECHADOS,100.0,3,0.3579,0,-3.3,-7.0,0,1,1.0,1
30.144,0.0814,0.2763,0.6598,OLHOS FECHADOS,100.0,3,0.3603,0,-3.2,-6.9,0,1,1.0,1
30.256,0.0786,0.2669,0.6594,OLHOS FECHADOS,100.0,3,0.3626,0,-3.1,-6.8,0,1,1.0,1
30.352,0.0796,0.2703,0.6584,OLHOS FECHADOS,100.0,3,0.365,0,-3.0,-6.8,0,1,1.0,1
30.458,0.0839,0.2849,0.65,OLHOS FECHADOS,100.0,3,0.3673,0,-3.2,-6.7,0,1,1.0,1
30.544,0.0841,0.2854,0.6474,OLHOS FECHADOS,100.0,3,0.3696,0,-3.1,-6.8,0,1,1.0,1
30.659,0.0833,0.2829,0.6503,OLHOS FECHADOS,100.0,3,0.3718,0,-3.1,-6.7,0,1,1.0,1
30.762,0.0843,0.2863,0.6521,OLHOS FECHADOS,100.0,3,0.3741,0,-3.2,-6.8,0,1,1.0,1
30.849,0.0833,0.283,0.6568,OLHOS FECHADOS,100.0,3,0.3763,0,-3.2,-6.7,0,1,1.0,1
30.944,0.084,0.2851,0.6543,OLHOS FECHADOS,100.0,3,0.3786,0,-3.1,-6.7,0,1,1.0,1
31.055,0.0846,0.2874,0.6511,OLHOS FECHADOS,100.0,3,0.3808,0,-3.2,-6.6,0,1,1.0,1
31.152,0.0861,0.2923,0.6471,OLHOS FECHADOS,100.0,3,0.383,0,-3.2,-6.5,0,1,1.0,1
31.248,0.0857,0.2908,0.6362,OLHOS FECHADOS,100.0,3,0.3852,0,-3.4,-7.2,0,1,1.0,1
31.344,0.0904,0.3069,0.6199,OLHOS FECHADOS,100.0,3,0.3873,0,-4.5,-7.6,0,1,1.0,1
31.456,0.0902,0.3062,0.6251,OLHOS FECHADOS,100.0,3,0.3895,0,-4.4,-6.6,0,1,1.0,1
31.552,0.089,0.3021,0.6314,OLHOS FECHADOS,100.0,3,0.3916,0,-4.7,-6.5,0,1,1.0,1
31.648,0.0847,0.2875,0.6396,OLHOS FECHADOS,100.0,3,0.3937,0,-4.8,-6.5,0,1,1.0,1
31.743,0.0939,0.3188,0.6127,OLHOS FECHADOS,100.0,3,0.3958,0,-4.4,-5.5,0,1,1.0,1
31.855,0.0913,0.3099,0.596,OLHOS FECHADOS,100.0,3,0.3979,0,-4.1,-5.7,0,1,1.0,1
31.959,0.0884,0.3001,0.6037,OLHOS FECHADOS,100.0,3,0.4,0,-3.6,-5.3,0,1,1.0,1
32.048,0.091,0.309,0.6037,OLHOS FECHADOS,100.0,3,0.4021,0,-3.4,-5.1,0,1,1.0,1
32.144,0.0915,0.3107,0.6082,OLHOS FECHADOS,100.0,3,0.4041,0,-3.7,-4.9,0,1,1.0,1
32.257,0.0819,0.278,0.6358,OLHOS FECHADOS,100.0,3,0.4061,0,-3.7,-4.9,0,1,1.0,1
32.351,0.0813,0.2762,0.6399,OLHOS FECHADOS,100.0,3,0.4082,0,-3.4,-5.3,0,1,1.0,1
32.447,0.0809,0.2748,0.6298,OLHOS FECHADOS,100.0,3,0.4102,0,-3.3,-5.6,0,1,1.0,1
32.544,0.0817,0.2775,0.6209,OLHOS FECHADOS,100.0,3,0.4122,0,-3.1,-5.9,0,1,1.0,1
32.655,0.0817,0.2774,0.6317,OLHOS FECHADOS,100.0,3,0.4141,0,-3.1,-6.7,0,1,1.0,1
32.752,0.0805,0.2732,0.6431,OLHOS FECHADOS,100.0,3,0.4161,0,-3.0,-7.0,0,1,1.0,1
32.847,0.075,0.2546,0.6583,OLHOS FECHADOS,100.0,3,0.4181,0,-3.1,-7.1,0,1,1.0,1
32.944,0.0744,0.2527,0.6721,OLHOS FECHADOS,100.0,3,0.42,0,-3.1,-7.0,0,1,1.0,1
33.058,0.0716,0.2432,0.6806,OLHOS FECHADOS,100.0,3,0.4219,0,-3.0,-7.1,0,1,1.0,1
33.151,0.0702,0.2383,0.6824,OLHOS FECHADOS,100.0,3,0.4238,0,-2.9,-7.0,0,1,1.0,1
33.249,0.0705,0.2393,0.6815,OLHOS FECHADOS,100.0,3,0.4257,0,-2.9,-6.9,0,1,1.0,1
33.344,0.0745,0.2531,0.6719,OLHOS FECHADOS,100.0,3,0.4276,0,-3.0,-6.6,0,1,1.0,1
33.454,0.0749,0.2544,0.6703,OLHOS FECHADOS,100.0,3,0.4295,0,-2.9,-6.6,0,1,1.0,1
33.552,0.0759,0.2578,0.6751,OLHOS FECHADOS,100.0,3,0.4314,0,-2.8,-6.8,0,1,1.0,1
33.649,0.0759,0.2577,0.678,OLHOS FECHADOS,100.0,3,0.4332,0,-2.9,-6.8,0,1,1.0,1
33.744,0.0777,0.2638,0.673,OLHOS FECHADOS,100.0,3,0.4351,0,-2.9,-6.8,0,1,1.0,1
33.855,0.0727,0.2469,0.681,OLHOS FECHADOS,100.0,3,0.4369,0,-2.8,-6.7,0,1,1.0,1
33.952,0.0726,0.2466,0.6832,OLHOS FECHADOS,100.0,3,0.4387,0,-2.7,-6.7,0,1,1.0,1
34.051,0.0732,0.2486,0.6805,OLHOS FECHADOS,100.0,3,0.4405,0,-2.8,-6.8,0,1,1.0,1
34.146,0.0777,0.2638,0.6764,OLHOS FECHADOS,100.0,3,0.4423,0,-2.7,-6.8,0,1,1.0,1
34.256,0.0777,0.2637,0.67,OLHOS FECHADOS,100.0,3,0.4441,0,-2.8,-7.0,0,1,1.0,1
34.357,0.0784,0.2662,0.6729,OLHOS FECHADOS,100.0,3,0.4459,0,-2.9,-7.0,0,1,1.0,1
34.455,0.0771,0.2617,0.6691,OLHOS FECHADOS,100.0,3,0.4476,0,-3.0,-6.9,0,1,1.0,1
34.544,0.0786,0.2668,0.67,OLHOS FECHADOS,100.0,3,0.4494,0,-3.0,-6.9,0,1,1.0,1
34.67,0.0769,0.2612,0.6679,OLHOS FECHADOS,100.0,3,0.4511,0,-2.9,-7.0,0,1,1.0,1
34.765,0.0785,0.2664,0.6721,OLHOS FECHADOS,100.0,3,0.4528,0,-2.9,-7.1,0,1,1.0,1
34.851,0.0783,0.2659,0.671,OLHOS FECHADOS,100.0,3,0.4545,0,-2.8,-7.1,0,1,1.0,1
34.943,0.0777,0.2637,0.6711,OLHOS FECHADOS,100.0,3,0.4562,0,-2.8,-7.2,0,1,1.0,1
35.056,0.0768,0.2609,0.6853,OLHOS FECHADOS,100.0,3,0.4579,0,-2.9,-7.0,0,1,1.0,1
35.151,0.0814,0.2764,0.6791,OLHOS FECHADOS,100.0,3,0.4596,0,-2.9,-6.9,0,1,1.0,1
35.248,0.0817,0.2773,0.6761,OLHOS FECHADOS,100.0,3,0.4613,0,-3.0,-6.9,0,1,1.0,1
35.344,0.0794,0.2694,0.6862,OLHOS FECHADOS,100.0,3,0.463,0,-2.9,-6.8,0,1,1.0,1
35.455,0.077,0.2615,0.6823,OLHOS FECHADOS,100.0,3,0.4646,0,-2.9,-6.8,0,1,1.0,1
35.551,0.078,0.2648,0.679,OLHOS FECHADOS,100.0,3,0.4663,0,-2.9,-6.9,0,1,1.0,1
35.647,0.0766,0.2601,0.6788,OLHOS FECHADOS,100.0,3,0.4679,0,-2.9,-6.9,0,1,1.0,1
35.743,0.0764,0.2595,0.676,OLHOS FECHADOS,100.0,3,0.4695,0,-3.0,-6.9,0,1,1.0,1
35.856,0.0783,0.2658,0.67,OLHOS FECHADOS,100.0,3,0.4711,0,-3.0,-6.9,0,1,1.0,1
35.952,0.0774,0.2629,0.6798,OLHOS FECHADOS,100.0,3,0.4727,0,-3.0,-6.7,0,1,1.0,1
36.047,0.0769,0.2613,0.6807,OLHOS FECHADOS,100.0,3,0.4743,0,-2.9,-6.8,0,1,1.0,1
36.144,0.0769,0.2612,0.6845,OLHOS FECHADOS,100.0,3,0.4759,0,-3.0,-6.7,0,1,1.0,1
36.256,0.077,0.2613,0.6841,OLHOS FECHADOS,100.0,3,0.4775,0,-3.0,-6.7,0,1,1.0,1
36.351,0.0806,0.2737,0.6758,OLHOS FECHADOS,100.0,3,0.479,0,-3.1,-6.9,0,1,1.0,1
36.447,0.0834,0.2832,0.6718,OLHOS FECHADOS,100.0,3,0.4806,0,-3.0,-6.6,0,1,1.0,1
36.544,0.0857,0.291,0.6672,OLHOS FECHADOS,100.0,3,0.4821,0,-3.2,-6.9,0,1,1.0,1
36.655,0.083,0.282,0.6755,OLHOS FECHADOS,100.0,3,0.4837,0,-3.1,-6.8,0,1,1.0,1
36.751,0.0835,0.2835,0.674,OLHOS FECHADOS,100.0,3,0.4852,0,-3.1,-6.9,0,1,1.0,1
36.848,0.0836,0.2838,0.6706,OLHOS FECHADOS,100.0,3,0.4867,0,-3.1,-6.9,0,1,1.0,1
36.943,0.0839,0.2847,0.6704,OLHOS FECHADOS,100.0,3,0.4882,0,-3.2,-7.0,0,1,1.0,1
37.055,0.082,0.2784,0.6723,OLHOS FECHADOS,100.0,3,0.4897,0,-3.2,-7.0,0,1,1.0,1
37.151,0.0875,0.297,0.6554,OLHOS FECHADOS,100.0,3,0.4912,0,-3.2,-7.1,0,1,1.0,1
37.249,0.0867,0.2943,0.6605,OLHOS FECHADOS,100.0,3,0.4927,0,-3.2,-7.2,0,1,1.0,1
37.354,0.0857,0.2909,0.6608,OLHOS FECHADOS,100.0,3,0.4942,0,-3.2,-7.2,0,1,1.0,1
37.455,0.0858,0.2913,0.6602,OLHOS FECHADOS,100.0,3,0.4957,0,-3.3,-7.1,0,1,1.0,1
37.551,0.0851,0.289,0.6654,OLHOS FECHADOS,100.0,3,0.4971,0,-3.3,-7.1,0,1,1.0,1
37.651,0.0833,0.2827,0.6701,OLHOS FECHADOS,100.0,3,0.4986,0,-3.3,-7.1,0,1,1.0,1
37.744,0.084,0.2852,0.6667,OLHOS FECHADOS,100.0,3,0.5,0,-3.1,-6.9,0,1,1.0,1
37.855,0.0793,0.2694,0.6685,OLHOS FECHADOS,100.0,3,0.5014,0,-3.1,-7.0,0,1,1.0,1
37.951,0.083,0.2817,0.6694,OLHOS FECHADOS,100.0,3,0.5029,0,-3.2,-7.1,0,1,1.0,1
38.048,0.0826,0.2805,0.6641,OLHOS FECHADOS,100.0,3,0.5043,0,-3.1,-7.3,0,1,1.0,1
38.143,0.0866,0.2939,0.6618,OLHOS FECHADOS,100.0,3,0.5057,0,-3.2,-7.4,0,1,1.0,1
38.255,0.0835,0.2836,0.6631,OLHOS FECHADOS,100.0,3,0.5071,0,-3.2,-7.4,0,1,1.0,1
38.352,0.0855,0.2904,0.6599,OLHOS FECHADOS,100.0,3,0.5085,0,-3.2,-7.3,0,1,1.0,1
38.448,0.0848,0.2879,0.6599,OLHOS FECHADOS,100.0,3,0.5099,0,-3.2,-7.4,0,1,1.0,1
38.546,0.0867,0.2943,0.6517,OLHOS FECHADOS,100.0,3,0.5112,0,-3.3,-7.3,0,1,1.0,1
38.658,0.0849,0.2882,0.6572,OLHOS FECHADOS,100.0,3,0.5126,0,-3.2,-7.2,0,1,1.0,1
38.751,0.0768,0.2607,0.6634,OLHOS FECHADOS,100.0,3,0.514,0,-3.2,-7.3,0,1,1.0,1
38.848,0.0787,0.2672,0.6627,OLHOS FECHADOS,100.0,3,0.5153,0,-3.4,-7.2,0,1,1.0,1
38.943,0.0798,0.2711,0.6626,OLHOS FECHADOS,100.0,3,0.5167,0,-3.1,-7.1,0,1,1.0,1
39.056,0.0797,0.2706,0.6624,OLHOS FECHADOS,100.0,3,0.518,0,-3.2,-7.1,0,1,1.0,1
39.152,0.0848,0.2878,0.663,OLHOS FECHADOS,100.0,3,0.5193,0,-3.3,-7.0,0,1,1.0,1
39.248,0.0809,0.2747,0.6656,OLHOS FECHADOS,100.0,3,0.5207,0,-3.2,-7.1,0,1,1.0,1
39.345,0.0832,0.2826,0.6636,OLHOS FECHADOS,100.0,3,0.522,0,-3.3,-7.2,0,1,1.0,1
39.456,0.0839,0.2848,0.6635,OLHOS FECHADOS,100.0,3,0.5233,0,-3.3,-7.2,0,1,1.0,1
39.552,0.081,0.2751,0.6733,OLHOS FECHADOS,100.0,3,0.5246,0,-3.1,-6.9,0,1,1.0,1
39.648,0.0806,0.2736,0.6702,OLHOS FECHADOS,100.0,3,0.5259,0,-3.1,-6.9,0,1,1.0,1
39.744,0.0808,0.2742,0.6697,OLHOS FECHADOS,100.0,3,0.5272,0,-3.2,-6.9,0,1,1.0,1
39.856,0.0797,0.2706,0.6739,OLHOS FECHADOS,100.0,3,0.5285,0,-3.2,-6.9,0,1,1.0,1
39.953,0.0827,0.2807,0.6707,OLHOS FECHADOS,100.0,3,0.5297,0,-3.3,-6.7,0,1,1.0,1
40.047,0.0827,0.2808,0.6697,OLHOS FECHADOS,100.0,3,0.531,0,-3.5,-6.9,0,1,1.0,1
40.144,0.0829,0.2814,0.6702,OLHOS FECHADOS,100.0,3,0.5323,0,-3.4,-6.9,0,1,1.0,1
40.256,0.0814,0.2763,0.6745,OLHOS FECHADOS,100.0,3,0.5335,0,-3.3,-7.0,0,1,1.0,1
40.352,0.0823,0.2795,0.6627,OLHOS FECHADOS,100.0,3,0.5348,0,-3.3,-7.0,0,1,1.0,1
40.45,0.077,0.2613,0.6691,OLHOS FECHADOS,100.0,3,0.536,0,-3.2,-6.9,0,1,1.0,1
40.543,0.0764,0.2592,0.6737,OLHOS FECHADOS,100.0,3,0.5372,0,-3.1,-6.9,0,1,1.0,1
40.668,0.0857,0.2908,0.6569,OLHOS FECHADOS,100.0,3,0.5385,0,-3.1,-6.9,0,1,1.0,1
40.763,0.0877,0.2977,0.6521,OLHOS FECHADOS,100.0,3,0.5397,0,-3.0,-7.0,0,1,1.0,1
40.848,0.0853,0.2896,0.6623,OLHOS FECHADOS,100.0,3,0.5409,0,-3.1,-7.0,0,1,1.0,1
40.944,0.0844,0.2864,0.6631,OLHOS FECHADOS,100.0,3,0.5421,0,-3.3,-6.9,0,1,1.0,1
41.057,0.0875,0.297,0.6453,OLHOS FECHADOS,100.0,3,0.5433,0,-3.4,-7.0,0,1,1.0,1
41.152,0.0875,0.2972,0.6446,OLHOS FECHADOS,100.0,3,0.5445,0,-3.6,-7.3,0,1,1.0,1
41.248,0.087,0.2955,0.6474,OLHOS FECHADOS,100.0,3,0.5457,0,-3.5,-7.2,0,1,1.0,1
41.352,0.0877,0.2978,0.6483,OLHOS FECHADOS,100.0,3,0.5469,0,-3.5,-7.2,0,1,1.0,1
41.456,0.0873,0.2964,0.6422,OLHOS FECHADOS,100.0,3,0.5481,0,-3.5,-7.2,0,1,1.0,1
41.553,0.0868,0.2947,0.6425,OLHOS FECHADOS,100.0,3,0.5492,0,-3.6,-7.4,0,1,1.0,1
41.647,0.0879,0.2984,0.6407,OLHOS FECHADOS,100.0,3,0.5504,0,-3.5,-7.4,0,1,1.0,1
41.744,0.0871,0.2957,0.6481,OLHOS FECHADOS,100.0,3,0.5515,0,-3.6,-7.3,0,1,1.0,1
41.856,0.0858,0.2912,0.6474,OLHOS FECHADOS,100.0,3,0.5527,0,-3.5,-7.3,0,1,1.0,1
41.954,0.0851,0.2889,0.6487,OLHOS FECHADOS,100.0,3,0.5538,0,-3.5,-7.4,0,1,1.0,1
42.051,0.0829,0.2815,0.6498,OLHOS FECHADOS,100.0,3,0.555,0,-3.5,-7.4,0,1,1.0,1
42.153,0.0851,0.2888,0.6498,OLHOS FECHADOS,100.0,3,0.5561,0,-3.7,-7.4,0,1,1.0,1
42.256,0.0846,0.2872,0.6531,OLHOS FECHADOS,100.0,3,0.5573,0,-3.6,-7.5,0,1,1.0,1
42.351,0.0859,0.2917,0.6547,OLHOS FECHADOS,100.0,3,0.5584,0,-3.6,-7.6,0,1,1.0,1
42.454,0.0844,0.2866,0.6591,OLHOS FECHADOS,100.0,3,0.5595,0,-3.5,-7.6,0,1,1.0,1
42.544,0.0874,0.2966,0.6574,OLHOS FECHADOS,100.0,3,0.5606,0,-3.6,-7.7,0,1,1.0,1
42.656,0.0875,0.2969,0.657,OLHOS FECHADOS,100.0,3,0.5617,0,-3.8,-7.8,0,1,1.0,1
42.751,0.0871,0.2957,0.6591,OLHOS FECHADOS,100.0,3,0.5628,0,-3.6,-7.6,0,1,1.0,1
42.848,0.0829,0.2814,0.6621,OLHOS FECHADOS,100.0,3,0.5639,0,-3.6,-7.4,0,1,1.0,1
42.943,0.0816,0.277,0.6636,OLHOS FECHADOS,100.0,3,0.565,0,-3.8,-7.3,0,1,1.0,1
43.056,0.082,0.2785,0.6637,OLHOS FECHADOS,100.0,3,0.5661,0,-3.8,-7.4,0,1,1.0,1
43.152,0.0838,0.2846,0.6562,OLHOS FECHADOS,100.0,3,0.5672,0,-3.7,-7.4,0,1,1.0,1
43.247,0.0848,0.288,0.6595,OLHOS FECHADOS,100.0,3,0.5682,0,-3.6,-7.4,0,1,1.0,1
43.343,0.0852,0.2894,0.6607,OLHOS FECHADOS,100.0,3,0.5693,0,-3.6,-7.5,0,1,1.0,1
43.457,0.0853,0.2896,0.656,OLHOS FECHADOS,100.0,3,0.5704,0,-3.5,-7.3,0,1,1.0,1
43.55,0.0886,0.3008,0.6477,OLHOS FECHADOS,100.0,3,0.5714,0,-3.5,-7.3,0,1,1.0,1
43.649,0.0898,0.305,0.6369,OLHOS FECHADOS,100.0,3,0.5725,0,-3.5,-7.2,0,1,1.0,1
43.746,0.2417,0.8206,0.2465,OLHOS ABERTOS,97.59,3,0.5711,0,-3.2,-7.0,0,1,1.0,1
43.862,0.3051,1.0359,0.1198,OLHOS ABERTOS,94.68,3,0.5697,0,-3.4,-7.0,0,1,1.0,1
43.954,0.3225,1.0948,0.0886,OLHOS ABERTOS,92.38,3,0.5683,0,-3.4,-6.8,0,1,1.0,1
44.047,0.3269,1.1097,0.0824,OLHOS ABERTOS,90.04,3,0.5669,0,-3.4,-6.7,0,1,1.0,1
44.143,0.3294,1.1185,0.079,OLHOS ABERTOS,87.65,3,0.5655,0,-3.4,-6.6,0,1,1.0,1
44.257,0.3282,1.1144,0.0796,OLHOS ABERTOS,84.81,2,0.5642,0,-3.4,-6.7,0,1,1.0,1
44.353,0.3267,1.1091,0.0831,OLHOS ABERTOS,82.4,2,0.5628,0,-3.3,-6.5,0,1,1.0,1
44.45,0.3244,1.1015,0.0866,OLHOS ABERTOS,79.97,2,0.5614,0,-3.3,-6.6,0,1,1.0,1
44.544,0.3235,1.0984,0.0887,OLHOS ABERTOS,77.63,2,0.5601,0,-3.3,-6.6,0,1,1.0,1
44.656,0.322,1.0934,0.0901,OLHOS ABERTOS,74.83,2,0.5588,0,-3.2,-6.4,0,1,1.0,1
44.762,0.3154,1.0707,0.1048,OLHOS ABERTOS,72.18,2,0.5574,0,-3.2,-6.1,0,1,1.0,1
44.852,0.3156,1.0715,0.1036,OLHOS ABERTOS,69.93,2,0.5561,0,-3.2,-6.3,0,1,1.0,1
44.946,0.3154,1.0708,0.104,OLHOS ABERTOS,67.59,2,0.5548,0,-3.3,-6.4,0,1,1.0,1
45.056,0.3147,1.0686,0.1066,OLHOS ABERTOS,64.84,2,0.5534,0,-3.1,-6.1,0,1,1.0,1
45.151,0.3134,1.0641,0.1105,OLHOS ABERTOS,62.46,2,0.5521,0,-3.1,-6.2,0,1,1.0,1
45.248,0.3122,1.06,0.1082,OLHOS ABERTOS,60.02,2,0.5508,0,-3.1,-6.2,0,1,1.0,1
45.343,0.3129,1.0625,0.1049,OLHOS ABERTOS,57.66,1,0.5495,0,-3.1,-6.1,0,1,1.0,1
45.456,0.3119,1.0591,0.1058,OLHOS ABERTOS,54.83,1,0.5482,0,-3.1,-6.3,0,1,1.0,1
45.552,0.3122,1.06,0.1054,OLHOS ABERTOS,52.43,1,0.5469,0,-3.1,-6.3,0,1,1.0,1
45.648,0.3107,1.0548,0.1077,OLHOS ABERTOS,50.03,1,0.5457,0,-3.1,-6.1,0,1,1.0,1
45.752,0.3092,1.0499,0.1097,OLHOS ABERTOS,47.42,1,0.5444,0,-3.1,-6.2,0,1,1.0,1
45.862,0.3104,1.0538,0.1109,OLHOS ABERTOS,44.68,1,0.5431,0,-3.2,-6.1,0,1,1.0,1
45.956,0.3104,1.0539,0.11,OLHOS ABERTOS,42.34,1,0.5419,0,-3.0,-6.3,0,1,1.0,1
46.049,0.3103,1.0537,0.11,OLHOS ABERTOS,40.0,1,0.5406,0,-3.0,-6.4,0,1,1.0,1
46.143,0.3105,1.0541,0.1093,OLHOS ABERTOS,37.65,1,0.5394,0,-3.0,-6.3,0,1,1.0,1
46.256,0.3095,1.0508,0.111,OLHOS ABERTOS,34.83,1,0.5381,0,-3.0,-6.2,0,1,1.0,1
46.352,0.3101,1.0529,0.1106,OLHOS ABERTOS,32.44,1,0.5369,0,-3.1,-6.3,0,1,1.0,1
46.447,0.3107,1.055,0.1083,OLHOS ABERTOS,30.05,1,0.5356,0,-3.1,-6.1,0,1,1.0,1
46.544,0.3106,1.0544,0.1073,OLHOS ABERTOS,27.62,0,0.5344,0,-3.1,-6.2,0,1,1.0,1
46.657,0.31,1.0525,0.1095,OLHOS ABERTOS,24.81,0,0.5332,0,-3.2,-6.2,0,1,1.0,1
46.754,0.3087,1.0481,0.1128,OLHOS ABERTOS,22.37,0,0.532,0,-3.3,-6.3,0,1,1.0,1
46.851,0.3092,1.0498,0.1117,OLHOS ABERTOS,19.96,0,0.5308,0,-3.3,-6.2,0,1,1.0,1
46.944,0.3107,1.0547,0.1108,OLHOS ABERTOS,17.63,0,0.5295,0,-3.2,-6.3,0,1,1.0,1
47.064,0.3103,1.0537,0.1116,OLHOS ABERTOS,14.62,0,0.5283,0,-3.1,-6.4,0,1,1.0,1
47.163,0.3081,1.0462,0.1147,OLHOS ABERTOS,12.15,0,0.5271,0,-3.1,-6.4,0,1,1.0,1
47.247,0.3083,1.0468,0.1142,OLHOS ABERTOS,10.05,0,0.526,0,-3.1,-6.4,0,1,1.0,0
47.345,0.3079,1.0455,0.1141,OLHOS ABERTOS,7.6,0,0.5248,0,-3.3,-6.4,0,1,1.0,0
47.458,0.3097,1.0516,0.1121,OLHOS ABERTOS,4.79,0,0.5236,0,-3.3,-6.5,0,1,1.0,0
47.551,0.3104,1.0538,0.1121,OLHOS ABERTOS,2.45,0,0.5224,0,-3.2,-6.4,0,1,1.0,0
47.648,0.3091,1.0495,0.1147,OLHOS ABERTOS,0.04,0,0.5213,0,-3.2,-6.5,0,1,1.0,0
47.744,0.3088,1.0485,0.1169,OLHOS ABERTOS,0.0,0,0.5201,0,-3.1,-6.4,0,1,1.0,0
47.855,0.3089,1.0488,0.1157,OLHOS ABERTOS,0.0,0,0.5189,0,-3.0,-6.2,0,1,1.0,0
47.966,0.3098,1.0519,0.1149,OLHOS ABERTOS,0.0,0,0.5178,0,-3.0,-6.3,0,1,1.0,0
48.049,0.3094,1.0504,0.1147,OLHOS ABERTOS,0.0,0,0.5166,0,-3.0,-6.3,0,1,1.0,0
48.145,0.3092,1.0498,0.1144,OLHOS ABERTOS,0.0,0,0.5155,0,-3.0,-6.2,0,1,1.0,0
48.256,0.3083,1.0468,0.1179,OLHOS ABERTOS,0.0,0,0.5143,0,-3.1,-6.1,0,1,1.0,0
48.351,0.3085,1.0473,0.1203,OLHOS ABERTOS,0.0,0,0.5132,0,-2.9,-6.3,0,1,1.0,0
48.448,0.2996,1.0174,0.1358,OLHOS ABERTOS,0.0,0,0.5121,0,-3.1,-6.2,0,1,1.0,0
48.544,0.0882,0.2996,0.6334,OLHOS FECHADOS,4.32,0,0.5132,0,-3.4,-6.9,0,1,1.0,0
48.655,0.1225,0.4159,0.5602,OLHOS FECHADOS,9.32,0,0.5142,0,-3.5,-6.8,0,1,1.0,0
48.751,0.2313,0.7852,0.2891,OLHOS ABERTOS,6.92,0,0.5131,0,-3.3,-6.7,0,1,2.0,0
48.848,0.2671,0.9069,0.2148,OLHOS ABERTOS,4.5,0,0.512,0,-3.3,-6.6,0,1,2.0,0
48.946,0.2815,0.9558,0.1948,OLHOS ABERTOS,2.04,0,0.5109,0,-3.2,-6.3,0,1,2.0,0
49.056,0.2882,0.9786,0.1822,OLHOS ABERTOS,0.0,0,0.5098,0,-3.3,-6.3,0,1,2.0,0
49.151,0.2913,0.9891,0.1735,OLHOS ABERTOS,0.0,0,0.5087,0,-3.3,-6.3,0,1,2.0,0
49.247,0.2941,0.9985,0.1696,OLHOS ABERTOS,0.0,0,0.5076,0,-3.3,-6.3,0,1,2.0,0
49.344,0.2944,0.9995,0.1684,OLHOS ABERTOS,0.0,0,0.5065,0,-3.3,-6.3,0,1,2.0,0
49.455,0.2951,1.0021,0.1688,OLHOS ABERTOS,0.0,0,0.5054,0,-3.3,-6.2,0,1,2.0,0
49.552,0.2989,1.0147,0.1545,OLHOS ABERTOS,0.0,0,0.5043,0,-3.4,-6.3,0,1,2.0,0
49.647,0.3006,1.0207,0.1481,OLHOS ABERTOS,0.0,0,0.5032,0,-3.4,-6.3,0,1,2.0,0
49.744,0.3017,1.0242,0.1483,OLHOS ABERTOS,0.0,0,0.5021,0,-3.2,-6.1,0,1,2.0,0
49.855,0.3002,1.0192,0.1527,OLHOS ABERTOS,0.0,0,0.5011,0,-3.2,-6.1,0,1,2.0,0
49.951,0.2992,1.0159,0.1578,OLHOS ABERTOS,0.0,0,0.5,0,-3.1,-6.2,0,1,2.0,0
50.048,0.2995,1.017,0.157,OLHOS ABERTOS,0.0,0,0.4989,0,-3.2,-6.1,0,1,2.0,0
50.144,0.2952,1.0023,0.1654,OLHOS ABERTOS,0.0,0,0.4979,0,-3.0,-6.1,0,1,2.0,0
50.256,0.2966,1.0069,0.1643,OLHOS ABERTOS,0.0,0,0.4968,0,-3.1,-6.1,0,1,2.0,0
50.352,0.29,0.9846,0.1729,OLHOS ABERTOS,0.0,0,0.4958,0,-3.1,-6.1,0,1,2.0,0
50.447,0.2872,0.9749,0.1785,OLHOS ABERTOS,0.0,0,0.4947,0,-3.2,-6.2,0,1,2.0,0
50.543,0.2833,0.962,0.1799,OLHOS ABERTOS,0.0,0,0.4937,0,-3.3,-6.2,0,1,2.0,0
50.655,0.2846,0.9663,0.1819,OLHOS ABERTOS,0.0,0,0.4927,0,-3.3,-6.1,0,1,2.0,0
50.751,0.2852,0.9685,0.1806,OLHOS ABERTOS,0.0,0,0.4916,0,-3.3,-6.1,0,1,2.0,0
50.847,0.2859,0.9706,0.1799,OLHOS ABERTOS,0.0,0,0.4906,0,-3.3,-6.2,0,1,2.0,0
50.946,0.2851,0.9681,0.1831,OLHOS ABERTOS,0.0,0,0.4896,0,-3.3,-6.1,0,1,2.0,0
51.055,0.2792,0.948,0.1896,OLHOS ABERTOS,0.0,0,0.4886,0,-3.3,-6.1,0,1,2.0,0
51.151,0.2756,0.9359,0.1941,OLHOS ABERTOS,0.0,0,0.4876,0,-3.2,-6.2,0,1,2.0,0
51.25,0.2752,0.9344,0.1928,OLHOS ABERTOS,0.0,0,0.4865,0,-3.2,-6.2,0,1,2.0,0
51.344,0.2742,0.9311,0.1931,OLHOS ABERTOS,0.0,0,0.4855,0,-3.2,-6.3,0,1,2.0,0
51.456,0.273,0.927,0.1914,OLHOS ABERTOS,0.0,0,0.4845,0,-3.1,-6.3,0,1,2.0,0
51.551,0.2737,0.9292,0.1866,OLHOS ABERTOS,0.0,0,0.4835,0,-3.1,-6.3,0,1,2.0,0
51.649,0.2742,0.9309,0.1882,OLHOS ABERTOS,0.0,0,0.4825,0,-3.1,-6.4,0,1,2.0,0
51.743,0.2746,0.9323,0.1904,OLHOS ABERTOS,0.0,0,0.4816,0,-3.1,-6.3,0,1,2.0,0
51.856,0.2757,0.9362,0.1883,OLHOS ABERTOS,0.0,0,0.4806,0,-3.2,-6.4,0,1,2.0,0
51.952,0.276,0.9372,0.1908,OLHOS ABERTOS,0.0,0,0.4796,0,-3.3,-6.3,0,1,2.0,0
52.047,0.2775,0.9423,0.1896,OLHOS ABERTOS,0.0,0,0.4786,0,-3.2,-6.1,0,1,2.0,0
52.144,0.2758,0.9365,0.1934,OLHOS ABERTOS,0.0,0,0.4776,0,-3.2,-6.3,0,1,2.0,0
52.256,0.2746,0.9322,0.1905,OLHOS ABERTOS,0.0,0,0.4767,0,-3.2,-6.4,0,1,2.0,0
52.352,0.2756,0.9358,0.1872,OLHOS ABERTOS,0.0,0,0.4757,0,-3.2,-6.3,0,1,2.0,0
52.448,0.275,0.9335,0.1875,OLHOS ABERTOS,0.0,0,0.4747,0,-3.1,-6.6,0,1,2.0,0
52.543,0.2753,0.9348,0.1868,OLHOS ABERTOS,0.0,0,0.4738,0,-3.2,-6.5,0,1,2.0,0
52.655,0.2753,0.9348,0.1877,OLHOS ABERTOS,0.0,0,0.4728,0,-3.2,-6.6,0,1,2.0,0
52.751,0.2755,0.9352,0.1883,OLHOS ABERTOS,0.0,0,0.4719,0,-3.3,-6.6,0,1,2.0,0
52.847,0.2759,0.9367,0.1898,OLHOS ABERTOS,0.0,0,0.4709,0,-3.3,-6.6,0,1,2.0,0
52.944,0.2766,0.9391,0.1902,OLHOS ABERTOS,0.0,0,0.47,0,-3.3,-6.6,0,1,2.0,0
53.055,0.2747,0.9325,0.1922,OLHOS ABERTOS,0.0,0,0.4691,0,-3.3,-6.6,0,1,2.0,0
53.151,0.2757,0.9362,0.189,OLHOS ABERTOS,0.0,0,0.4681,0,-3.3,-6.5,0,1,2.0,0
53.249,0.2762,0.9377,0.1867,OLHOS ABERTOS,0.0,0,0.4672,0,-3.3,-6.5,0,1,2.0,0
53.343,0.2764,0.9385,0.1858,OLHOS ABERTOS,0.0,0,0.4663,0,-3.3,-6.6,0,1,2.0,0
53.456,0.2751,0.9341,0.191,OLHOS ABERTOS,0.0,0,0.4653,0,-3.3,-6.6,0,1,2.0,0
53.551,0.2731,0.9273,0.1933,OLHOS ABERTOS,0.0,0,0.4644,0,-3.3,-6.6,0,1,2.0,0
53.647,0.2736,0.9288,0.1926,OLHOS ABERTOS,0.0,0,0.4635,0,-3.2,-6.5,0,1,2.0,0
53.745,0.2734,0.9283,0.1912,OLHOS ABERTOS,0.0,0,0.4626,0,-3.2,-6.6,0,1,2.0,0
53.867,0.2739,0.93,0.1908,OLHOS ABERTOS,0.0,0,0.4617,0,-3.1,-6.6,0,1,2.0,0
53.953,0.2757,0.9362,0.1858,OLHOS ABERTOS,0.0,0,0.4608,0,-3.0,-6.7,0,1,2.0,0
54.052,0.2757,0.936,0.1866,OLHOS ABERTOS,0.0,0,0.4599,0,-3.2,-6.6,0,1,2.0,0
54.143,0.2766,0.939,0.192,OLHOS ABERTOS,0.0,0,0.459,0,-3.2,-6.6,0,1,2.0,0
54.255,0.2772,0.9413,0.1892,OLHOS ABERTOS,0.0,0,0.4581,0,-3.3,-6.7,0,1,2.0,0
54.352,0.2788,0.9468,0.1872,OLHOS ABERTOS,0.0,0,0.4572,0,-3.3,-6.7,0,1,2.0,0
54.448,0.2782,0.9444,0.1867,OLHOS ABERTOS,0.0,0,0.4563,0,-3.3,-6.8,0,1,2.0,0
54.544,0.2765,0.9389,0.1864,OLHOS ABERTOS,0.0,0,0.4554,0,-3.3,-6.7,0,1,2.0,0
54.655,0.2763,0.938,0.1867,OLHOS ABERTOS,0.0,0,0.4545,0,-3.4,-6.8,0,1,2.0,0
54.752,0.2776,0.9425,0.1877,OLHOS ABERTOS,0.0,0,0.4537,0,-3.4,-6.7,0,1,2.0,0
54.848,0.2783,0.945,0.1868,OLHOS ABERTOS,0.0,0,0.4528,0,-3.3,-6.8,0,1,2.0,0
54.943,0.2787,0.9461,0.1842,OLHOS ABERTOS,0.0,0,0.4519,0,-3.4,-6.7,0,1,2.0,0
55.055,0.2779,0.9434,0.1838,OLHOS ABERTOS,0.0,0,0.4511,0,-3.3,-6.7,0,1,2.0,0
55.151,0.279,0.9474,0.1834,OLHOS ABERTOS,0.0,0,0.4502,0,-3.2,-6.5,0,1,2.0,0
55.248,0.278,0.944,0.1858,OLHOS ABERTOS,0.0,0,0.4493,0,-3.2,-6.5,0,1,2.0,0
55.345,0.2773,0.9416,0.1871,OLHOS ABERTOS,0.0,0,0.4485,0,-3.2,-6.6,0,1,2.0,0
55.456,0.2787,0.9463,0.1848,OLHOS ABERTOS,0.0,0,0.4476,0,-3.2,-6.5,0,1,2.0,0
55.552,0.2731,0.9272,0.1919,OLHOS ABERTOS,0.0,0,0.4468,0,-3.3,-6.6,0,1,2.0,0
55.649,0.2612,0.887,0.205,OLHOS ABERTOS,0.0,0,0.4459,0,-3.3,-6.6,0,1,2.0,0
55.744,0.2603,0.8838,0.1959,OLHOS ABERTOS,0.0,0,0.4451,0,-3.3,-6.6,0,1,2.0,0
55.855,0.2506,0.8508,0.2074,OLHOS ABERTOS,0.0,0,0.4442,0,-3.2,-6.8,0,1,2.0,0
55.951,0.2506,0.8507,0.2071,OLHOS ABERTOS,0.0,0,0.4434,0,-3.3,-6.9,0,1,2.0,0
56.047,0.2487,0.8444,0.2167,OLHOS ABERTOS,0.0,0,0.4426,0,-3.3,-7.0,0,1,2.0,0
56.144,0.2443,0.8295,0.2271,OLHOS ABERTOS,0.0,0,0.4417,0,-3.3,-7.1,0,1,2.0,0
56.255,0.2437,0.8275,0.2266,OLHOS ABERTOS,0.0,0,0.4409,0,-3.4,-7.0,0,1,2.0,0
56.352,0.2433,0.8262,0.2305,OLHOS ABERTOS,0.0,0,0.4401,0,-3.4,-7.0,0,1,2.0,0
56.448,0.2417,0.8208,0.2344,OLHOS ABERTOS,0.0,0,0.4393,0,-3.4,-7.0,0,1,2.0,0
56.544,0.2434,0.8266,0.2326,OLHOS ABERTOS,0.0,0,0.4384,0,-3.3,-6.9,0,1,2.0,0
56.656,0.2477,0.8411,0.2352,OLHOS ABERTOS,0.0,0,0.4376,0,-3.2,-6.6,0,1,2.0,0
56.753,0.2492,0.8462,0.2329,OLHOS ABERTOS,0.0,0,0.4368,0,-3.3,-6.5,0,1,2.0,0
56.847,0.2544,0.8637,0.2357,OLHOS ABERTOS,0.0,0,0.436,0,-3.3,-6.5,0,1,2.0,0
56.945,0.2565,0.8708,0.2326,OLHOS ABERTOS,0.0,0,0.4352,0,-3.3,-6.6,0,1,2.0,0
57.056,0.2603,0.8837,0.2302,OLHOS ABERTOS,0.0,0,0.4344,0,-3.4,-6.6,0,1,2.0,0
57.151,0.2677,0.9088,0.2108,OLHOS ABERTOS,0.0,0,0.4336,0,-3.6,-6.4,0,1,2.0,0
57.249,0.2718,0.9228,0.208,OLHOS ABERTOS,0.0,0,0.4328,0,-3.5,-6.5,0,1,2.0,0
57.357,0.277,0.9404,0.1937,OLHOS ABERTOS,0.0,0,0.432,0,-3.5,-6.4,0,1,2.0,0
57.468,0.2811,0.9545,0.1809,OLHOS ABERTOS,0.0,0,0.4312,0,-3.6,-6.3,0,1,2.0,0
57.556,0.2846,0.9664,0.1765,OLHOS ABERTOS,0.0,0,0.4304,0,-3.6,-6.3,0,1,2.0,0
57.651,0.2857,0.9699,0.1783,OLHOS ABERTOS,0.0,0,0.4296,0,-3.7,-6.3,0,1,2.0,0
57.744,0.289,0.9814,0.1694,OLHOS ABERTOS,0.0,0,0.4288,0,-3.7,-6.3,0,1,2.0,0
57.855,0.2932,0.9955,0.1587,OLHOS ABERTOS,0.0,0,0.4281,0,-3.7,-6.3,0,1,2.0,0
57.951,0.2921,0.9917,0.1653,OLHOS ABERTOS,0.0,0,0.4273,0,-4.0,-6.4,0,1,2.0,0
58.049,0.2922,0.9923,0.167,OLHOS ABERTOS,0.0,0,0.4265,0,-3.9,-6.4,0,1,2.0,0
58.144,0.2977,1.0107,0.1636,OLHOS ABERTOS,0.0,0,0.4257,0,-3.8,-6.3,0,1,2.0,0
58.255,0.2989,1.0148,0.1644,OLHOS ABERTOS,0.0,0,0.425,0,-3.8,-6.0,0,1,2.0,0
58.351,0.3002,1.0192,0.1645,OLHOS ABERTOS,0.0,0,0.4242,0,-3.7,-6.2,0,1,2.0,0
58.453,0.3001,1.0189,0.1627,OLHOS ABERTOS,0.0,0,0.4234,0,-3.7,-6.2,0,1,2.0,0
58.544,0.3023,1.0265,0.1591,OLHOS ABERTOS,0.0,0,0.4227,0,-3.7,-6.1,0,1,2.0,0
58.656,0.3046,1.0343,0.1521,OLHOS ABERTOS,0.0,0,0.4219,0,-3.7,-6.1,0,1,2.0,0
58.751,0.3039,1.0317,0.149,OLHOS ABERTOS,0.0,0,0.4211,0,-3.6,-6.0,0,1,2.0,0
58.85,0.3034,1.03,0.1485,OLHOS ABERTOS,0.0,0,0.4204,0,-3.5,-6.0,0,1,2.0,0
58.944,0.3042,1.0327,0.148,OLHOS ABERTOS,0.0,0,0.4196,0,-3.5,-6.0,0,1,2.0,0
59.063,0.3048,1.0349,0.147,OLHOS ABERTOS,0.0,0,0.4189,0,-3.5,-6.0,0,1,2.0,0
59.161,0.3055,1.0373,0.1466,OLHOS ABERTOS,0.0,0,0.4181,0,-3.5,-5.9,0,1,2.0,0
59.248,0.2926,0.9934,0.1559,OLHOS ABERTOS,0.0,0,0.4174,0,-3.5,-5.9,0,1,2.0,0
59.344,0.2908,0.9872,0.1578,OLHOS ABERTOS,0.0,0,0.4167,0,-3.5,-5.9,0,1,2.0,0
59.455,0.2872,0.9751,0.168,OLHOS ABERTOS,0.0,0,0.4159,0,-3.4,-6.0,0,1,2.0,0
59.552,0.2856,0.9698,0.1707,OLHOS ABERTOS,0.0,0,0.4152,0,-3.4,-6.0,0,1,2.0,0
59.647,0.2856,0.9698,0.1682,OLHOS ABERTOS,0.0,0,0.4145,0,-3.5,-6.0,0,1,2.0,0
59.744,0.2835,0.9627,0.1719,OLHOS ABERTOS,0.0,0,0.4137,0,-3.5,-6.1,0,1,2.0,0
59.855,0.2845,0.9659,0.1707,OLHOS ABERTOS,0.0,0,0.413,0,-3.5,-6.2,0,1,2.0,0
59.952,0.2839,0.9641,0.1754,OLHOS ABERTOS,0.0,0,0.4123,0,-3.6,-6.3,0,1,2.0,0
60.047,0.2817,0.9566,0.1764,OLHOS ABERTOS,0.0,0,0.4116,0,-3.6,-6.3,0,1,2.0,0
60.143,0.265,0.8998,0.2023,OLHOS ABERTOS,0.0,0,0.4108,0,-3.3,-6.6,0,1,2.0,0
60.256,0.2611,0.8866,0.2012,OLHOS ABERTOS,0.0,0,0.4101,0,-3.3,-6.5,0,1,2.0,0
60.351,0.2589,0.8791,0.2105,OLHOS ABERTOS,0.0,0,0.4094,0,-3.3,-6.5,0,1,2.0,0
60.447,0.2562,0.8697,0.2049,OLHOS ABERTOS,0.0,0,0.4087,0,-3.3,-6.4,0,1,2.0,0
60.544,0.2552,0.8664,0.2075,OLHOS ABERTOS,0.0,0,0.408,0,-3.2,-6.5,0,1,2.0,0
60.655,0.2538,0.8619,0.2098,OLHOS ABERTOS,0.0,0,0.4073,0,-3.3,-6.7,0,1,2.0,0
60.751,0.2526,0.8575,0.2117,OLHOS ABERTOS,0.0,0,0.4066,0,-3.5,-6.8,0,1,2.0,0
60.847,0.2513,0.8531,0.2138,OLHOS ABERTOS,0.0,0,0.4059,0,-3.3,-6.7,0,1,2.0,0
60.944,0.251,0.8521,0.2146,OLHOS ABERTOS,0.0,0,0.4052,0,-3.4,-6.6,0,1,2.0,0
61.056,0.2508,0.8514,0.2118,OLHOS ABERTOS,0.0,0,0.4045,0,-3.2,-6.6,0,1,2.0,0
61.152,0.2471,0.839,0.2247,OLHOS ABERTOS,0.0,0,0.4038,0,-3.3,-6.5,0,1,2.0,0
61.248,0.2669,0.9063,0.2055,OLHOS ABERTOS,0.0,0,0.4031,0,-3.4,-6.4,0,1,2.0,0
61.344,0.2731,0.9272,0.1953,OLHOS ABERTOS,0.0,0,0.4024,0,-3.5,-6.2,0,1,2.0,0
61.455,0.278,0.9438,0.1962,OLHOS ABERTOS,0.0,0,0.4017,0,-3.5,-6.2,0,1,2.0,0
61.551,0.2823,0.9586,0.1836,OLHOS ABERTOS,0.0,0,0.401,0,-3.4,-6.2,0,1,2.0,0
61.647,0.2672,0.9071,0.2223,OLHOS ABERTOS,0.0,0,0.4003,0,-3.4,-6.2,0,1,2.0,0
61.743,0.1216,0.4128,0.5709,OLHOS FECHADOS,4.35,0,0.4014,0,-3.7,-6.5,0,1,2.0,0
61.855,0.1747,0.5931,0.3988,SEMICERRADO,6.36,0,0.4024,0,-3.7,-6.5,0,1,2.0,0
61.951,0.2268,0.7699,0.2817,SEMICERRADO,8.09,0,0.4034,0,-3.6,-6.4,0,1,2.0,0
62.048,0.2534,0.8604,0.2357,OLHOS ABERTOS,5.66,0,0.4027,0,-3.6,-6.4,0,1,3.0,0
62.143,0.2607,0.8852,0.2246,OLHOS ABERTOS,3.31,0,0.402,0,-3.4,-6.2,0,1,3.0,0
62.256,0.2641,0.8967,0.2203,OLHOS ABERTOS,0.48,0,0.4013,0,-3.4,-6.1,0,1,3.0,0
62.352,0.2689,0.9131,0.2142,OLHOS ABERTOS,0.0,0,0.4007,0,-3.4,-6.2,0,1,3.0,0
62.447,0.2706,0.9186,0.2107,OLHOS ABERTOS,0.0,0,0.4,0,-3.5,-6.3,0,1,3.0,0
62.545,0.2716,0.9222,0.2042,OLHOS ABERTOS,0.0,0,0.3993,0,-3.5,-6.3,0,1,3.0,0
62.656,0.2733,0.9279,0.1995,OLHOS ABERTOS,0.0,0,0.3987,0,-3.3,-6.1,0,1,3.0,0
62.751,0.2738,0.9296,0.198,OLHOS ABERTOS,0.0,0,0.398,0,-3.5,-5.8,0,1,3.0,0
62.848,0.2749,0.9332,0.2016,OLHOS ABERTOS,0.0,0,0.3973,0,-3.5,-6.0,0,1,3.0,0
62.944,0.2762,0.9376,0.2006,OLHOS ABERTOS,0.0,0,0.3967,0,-3.5,-6.0,0,1,3.0,0
63.056,0.2768,0.9397,0.2004,OLHOS ABERTOS,0.0,0,0.3967,0,-3.4,-6.0,0,1,3.0,0
63.151,0.2756,0.9357,0.2035,OLHOS ABERTOS,0.0,0,0.396,0,-3.5,-6.1,0,1,3.0,0
63.247,0.2757,0.936,0.2012,OLHOS ABERTOS,0.0,0,0.396,0,-3.4,-6.1,0,1,3.0,0
63.344,0.2605,0.8843,0.222,OLHOS ABERTOS,0.0,0,0.396,0,-3.5,-6.1,0,1,3.0,0
63.456,0.2397,0.8137,0.2435,OLHOS ABERTOS,0.0,0,0.396,0,-3.3,-6.4,0,1,3.0,0
63.552,0.2383,0.8092,0.2436,OLHOS ABERTOS,0.0,0,0.396,0,-3.3,-6.5,0,1,3.0,0
63.647,0.2384,0.8095,0.2409,OLHOS ABERTOS,0.0,0,0.396,0,-3.1,-6.5,0,1,3.0,0
63.744,0.2393,0.8125,0.237,OLHOS ABERTOS,0.0,0,0.396,0,-3.1,-6.5,0,1,3.0,0
63.856,0.2386,0.81,0.2376,OLHOS ABERTOS,0.0,0,0.396,0,-3.3,-6.6,0,1,3.0,0
63.952,0.2374,0.8061,0.239,OLHOS ABERTOS,0.0,0,0.396,0,-3.3,-6.5,0,1,3.0,0
64.05,0.238,0.8081,0.2362,OLHOS ABERTOS,0.0,0,0.3967,0,-3.3,-6.5,0,1,3.0,0
64.145,0.2376,0.8066,0.2351,OLHOS ABERTOS,0.0,0,0.3967,0,-3.2,-6.5,0,1,3.0,0
64.255,0.2386,0.81,0.2507,OLHOS ABERTOS,0.0,0,0.396,0,-3.3,-6.3,0,1,3.0,0
64.352,0.2459,0.8349,0.2389,OLHOS ABERTOS,0.0,0,0.396,0,-3.4,-6.2,0,1,3.0,0
64.447,0.2473,0.8396,0.239,OLHOS ABERTOS,0.0,0,0.396,0,-3.3,-6.2,0,1,3.0,0
64.545,0.25,0.8489,0.236,OLHOS ABERTOS,0.0,0,0.3967,0,-3.3,-6.1,0,1,3.0,0
64.656,0.2535,0.8608,0.2264,OLHOS ABERTOS,0.0,0,0.3967,0,-3.4,-6.0,0,1,3.0,0
64.752,0.258,0.876,0.2137,OLHOS ABERTOS,0.0,0,0.3967,0,-3.4,-6.3,0,1,3.0,0
64.847,0.2644,0.8978,0.2061,OLHOS ABERTOS,0.0,0,0.396,0,-3.4,-6.2,0,1,3.0,0
64.944,0.268,0.9098,0.2015,OLHOS ABERTOS,0.0,0,0.396,0,-3.5,-6.2,0,1,3.0,0
65.064,0.2661,0.9035,0.2058,OLHOS ABERTOS,0.0,0,0.3967,0,-3.5,-6.2,0,1,3.0,0
65.159,0.2402,0.8156,0.242,OLHOS ABERTOS,0.0,0,0.3967,0,-3.5,-6.5,0,1,3.0,0
65.254,0.2326,0.7897,0.2462,OLHOS ABERTOS,0.0,0,0.3967,0,-3.4,-6.9,0,1,3.0,0
65.354,0.2333,0.792,0.2453,OLHOS ABERTOS,0.0,0,0.3967,0,-3.4,-6.9,0,1,3.0,0
65.459,0.2326,0.7898,0.246,OLHOS ABERTOS,0.0,0,0.3967,0,-3.1,-6.8,0,1,3.0,0
65.555,0.2353,0.7988,0.2375,OLHOS ABERTOS,0.0,0,0.3967,0,-3.3,-6.8,0,1,3.0,0
65.647,0.2362,0.8021,0.2372,OLHOS ABERTOS,0.0,0,0.396,0,-3.2,-6.6,0,1,3.0,0
65.75,0.2375,0.8062,0.2312,OLHOS ABERTOS,0.0,0,0.3933,0,-3.3,-6.5,0,1,3.0,0
65.857,0.2389,0.8112,0.2257,OLHOS ABERTOS,0.0,0,0.3933,0,-3.3,-6.5,0,1,2.0,0
65.952,0.2382,0.8087,0.2265,OLHOS ABERTOS,0.0,0,0.3927,0,-3.2,-6.5,0,1,2.0,0
66.048,0.2384,0.8095,0.2295,OLHOS ABERTOS,0.0,0,0.3927,0,-3.2,-6.6,0,1,2.0,0
66.143,0.2373,0.8056,0.2307,OLHOS ABERTOS,0.0,0,0.3927,0,-3.3,-6.6,0,1,2.0,0
66.255,0.2364,0.8028,0.2346,OLHOS ABERTOS,0.0,0,0.3927,0,-3.2,-6.6,0,1,2.0,0
66.352,0.2346,0.7964,0.2383,OLHOS ABERTOS,0.0,0,0.3927,0,-3.3,-6.7,0,1,2.0,0
66.447,0.2337,0.7935,0.2427,OLHOS ABERTOS,0.0,0,0.3927,0,-3.1,-6.6,0,1,2.0,0
66.543,0.2322,0.7885,0.2431,OLHOS ABERTOS,0.0,0,0.3927,0,-3.0,-6.6,0,1,2.0,0
66.655,0.2326,0.7898,0.243,OLHOS ABERTOS,0.0,0,0.3927,0,-3.1,-6.5,0,1,2.0,0
66.751,0.2359,0.8009,0.2394,OLHOS ABERTOS,0.0,0,0.3927,0,-3.2,-6.4,0,1,2.0,0
66.848,0.235,0.7978,0.2404,OLHOS ABERTOS,0.0,0,0.3927,0,-3.1,-6.4,0,1,2.0,0
66.943,0.234,0.7943,0.2427,OLHOS ABERTOS,0.0,0,0.3927,0,-3.3,-6.5,0,1,2.0,0
67.056,0.2336,0.7931,0.2416,OLHOS ABERTOS,0.0,0,0.3933,0,-3.3,-6.5,0,1,2.0,0
67.153,0.2343,0.7956,0.2403,OLHOS ABERTOS,0.0,0,0.3933,0,-3.4,-6.4,0,1,2.0,0
67.254,0.2336,0.7933,0.2427,OLHOS ABERTOS,0.0,0,0.3933,0,-3.3,-6.6,0,1,2.0,0
67.346,0.2343,0.7956,0.2406,OLHOS ABERTOS,0.0,0,0.3933,0,-3.1,-6.7,0,1,2.0,0
67.456,0.233,0.7912,0.2412,OLHOS ABERTOS,0.0,0,0.3933,0,-3.3,-6.6,0,1,2.0,0
67.565,0.2333,0.792,0.2406,OLHOS ABERTOS,0.0,0,0.3933,0,-3.2,-6.6,0,1,2.0,0
67.648,0.2339,0.7942,0.2413,OLHOS ABERTOS,0.0,0,0.3933,0,-3.2,-6.5,0,1,2.0,0
67.756,0.238,0.808,0.2482,OLHOS ABERTOS,0.0,0,0.3933,0,-3.2,-6.2,0,1,2.0,0
67.855,0.2592,0.8799,0.2186,OLHOS ABERTOS,0.0,0,0.3933,0,-3.2,-6.2,0,1,2.0,0
67.951,0.264,0.8965,0.2101,OLHOS ABERTOS,0.0,0,0.3927,0,-3.3,-6.2,0,1,2.0,0
68.047,0.2714,0.9215,0.2008,OLHOS ABERTOS,0.0,0,0.3927,0,-3.3,-6.2,0,1,2.0,0
68.143,0.2706,0.9187,0.2008,OLHOS ABERTOS,0.0,0,0.3927,0,-3.3,-6.2,0,1,2.0,0
68.255,0.2627,0.8921,0.2198,OLHOS ABERTOS,0.0,0,0.3927,0,-3.4,-6.2,0,1,2.0,0
68.351,0.262,0.8894,0.2219,OLHOS ABERTOS,0.0,0,0.3927,0,-3.4,-6.1,0,1,2.0,0
68.448,0.2611,0.8865,0.2209,OLHOS ABERTOS,0.0,0,0.3927,0,-3.5,-6.0,0,1,2.0,0
68.543,0.2156,0.732,0.3083,SEMICERRADO,1.71,0,0.3943,0,-3.3,-6.4,0,1,2.0,0
68.655,0.2001,0.6793,0.34,SEMICERRADO,3.73,0,0.396,0,-3.4,-6.8,0,1,2.0,0
68.751,0.1961,0.6659,0.3415,SEMICERRADO,5.45,0,0.3977,0,-3.4,-6.7,0,1,2.0,0
68.847,0.1975,0.6707,0.3406,SEMICERRADO,7.18,0,0.3993,0,-3.4,-6.7,0,1,2.0,0
68.943,0.2004,0.6803,0.3369,SEMICERRADO,8.92,0,0.401,0,-3.4,-6.7,0,1,2.0,0
69.057,0.1986,0.6742,0.3444,SEMICERRADO,10.96,0,0.4033,0,-3.3,-6.7,0,1,2.0,0
69.151,0.2009,0.6821,0.3425,SEMICERRADO,12.65,0,0.4043,0,-3.3,-6.8,0,1,2.0,0
69.249,0.2018,0.6851,0.3394,SEMICERRADO,14.42,0,0.406,0,-3.2,-6.8,0,1,2.0,0
69.348,0.2025,0.6876,0.3311,SEMICERRADO,16.2,0,0.4083,0,-3.4,-6.7,0,1,2.0,0
69.455,0.2037,0.6916,0.3295,SEMICERRADO,18.13,0,0.4093,0,-3.4,-6.7,0,1,2.0,0
69.551,0.2041,0.6931,0.3237,SEMICERRADO,19.86,0,0.411,0,-3.4,-6.6,0,1,2.0,0
69.647,0.2072,0.7034,0.314,SEMICERRADO,21.59,0,0.4126,0,-3.3,-6.8,0,1,2.0,0
69.743,0.2081,0.7067,0.3143,SEMICERRADO,23.31,0,0.4143,0,-3.4,-6.7,0,1,2.0,0
69.856,0.2103,0.7141,0.3115,SEMICERRADO,25.34,0,0.4167,0,-3.4,-6.7,0,1,2.0,0
69.951,0.2101,0.7132,0.3055,SEMICERRADO,27.06,0,0.4176,0,-3.4,-6.7,0,1,2.0,1
70.047,0.2081,0.7064,0.3124,SEMICERRADO,28.79,0,0.4193,0,-3.2,-6.6,0,1,2.0,1
70.143,0.2085,0.7081,0.3113,SEMICERRADO,30.51,1,0.421,0,-3.3,-6.6,0,1,2.0,1
70.257,0.2092,0.7103,0.3094,SEMICERRADO,32.56,1,0.4233,0,-3.3,-6.3,0,1,2.0,1
70.353,0.2087,0.7086,0.3145,SEMICERRADO,34.29,1,0.425,0,-3.3,-6.6,0,1,2.0,1
70.448,0.2061,0.6999,0.3211,SEMICERRADO,36.0,1,0.426,0,-3.3,-6.6,0,1,2.0,1
70.544,0.1435,0.4873,0.5336,OLHOS FECHADOS,40.32,1,0.4283,0,-3.7,-6.7,0,2,2.0,1
70.665,0.0988,0.3354,0.6442,OLHOS FECHADOS,45.75,1,0.43,0,-3.8,-6.7,0,2,2.0,1
70.753,0.099,0.3363,0.634,OLHOS FECHADOS,49.71,1,0.4317,0,-3.9,-6.8,0,2,2.0,1
70.85,0.0843,0.2864,0.6719,OLHOS FECHADOS,54.07,1,0.4333,0,-3.8,-6.7,0,2,2.0,1
70.945,0.0817,0.2773,0.6754,OLHOS FECHADOS,58.35,1,0.435,0,-3.9,-6.7,0,2,2.0,1
71.057,0.0831,0.282,0.6671,OLHOS FECHADOS,63.38,2,0.4367,0,-3.9,-6.8,0,2,2.0,1
71.166,0.0839,0.2847,0.6673,OLHOS FECHADOS,68.32,2,0.4383,0,-3.8,-6.6,0,2,2.0,1
71.247,0.0811,0.2755,0.6718,OLHOS FECHADOS,71.97,2,0.44,0,-3.8,-6.6,0,2,2.0,1
71.346,0.0803,0.2728,0.6733,OLHOS FECHADOS,76.42,2,0.4417,0,-3.8,-6.6,0,2,2.0,1
71.457,0.0839,0.2847,0.6701,OLHOS FECHADOS,81.39,2,0.4433,0,-3.8,-6.7,0,2,2.0,1
71.552,0.0829,0.2814,0.6722,OLHOS FECHADOS,85.67,3,0.445,0,-3.7,-6.7,0,2,2.0,1
71.648,0.085,0.2888,0.6755,OLHOS FECHADOS,89.99,3,0.4459,0,-3.6,-6.7,0,2,2.0,1
71.744,0.0847,0.2874,0.6753,OLHOS FECHADOS,94.3,3,0.4483,0,-3.7,-6.8,0,2,2.0,1
71.855,0.0811,0.2755,0.6772,OLHOS FECHADOS,99.3,3,0.4493,0,-3.7,-6.8,0,2,2.0,1
71.951,0.0836,0.2838,0.67,OLHOS FECHADOS,100.0,3,0.4509,0,-3.8,-6.7,0,2,2.0,1
72.048,0.0804,0.2729,0.6778,OLHOS FECHADOS,100.0,3,0.4526,0,-3.8,-6.7,0,2,2.0,1
72.145,0.0848,0.288,0.6727,OLHOS FECHADOS,100.0,3,0.4542,0,-3.9,-6.6,0,2,2.0,1
72.255,0.0869,0.2949,0.6696,OLHOS FECHADOS,100.0,3,0.4559,0,-4.0,-6.7,0,2,2.0,1
72.352,0.0847,0.2876,0.6703,OLHOS FECHADOS,100.0,3,0.4576,0,-3.9,-6.6,0,2,2.0,1
72.448,0.084,0.2853,0.6725,OLHOS FECHADOS,100.0,3,0.4592,0,-3.9,-6.6,0,2,2.0,1
72.545,0.0855,0.2901,0.6687,OLHOS FECHADOS,100.0,3,0.4609,0,-3.9,-6.8,0,2,2.0,1
72.658,0.0858,0.2912,0.6611,OLHOS FECHADOS,100.0,3,0.4626,0,-3.9,-6.8,0,2,2.0,1
72.752,0.085,0.2885,0.6624,OLHOS FECHADOS,100.0,3,0.4642,0,-3.9,-6.7,0,2,2.0,1
72.847,0.0869,0.2951,0.66,OLHOS FECHADOS,100.0,3,0.4659,0,-3.9,-6.7,0,2,2.0,1
72.943,0.0858,0.2912,0.665,OLHOS FECHADOS,100.0,3,0.4676,0,-4.0,-6.6,0,2,2.0,1
73.055,0.0859,0.2916,0.6661,OLHOS FECHADOS,100.0,3,0.4692,0,-3.9,-6.6,0,2,2.0,1
73.152,0.0893,0.3032,0.6569,OLHOS FECHADOS,100.0,3,0.4683,0,-3.9,-6.6,0,2,2.0,1
73.25,0.0897,0.3046,0.6589,OLHOS FECHADOS,100.0,3,0.4683,0,-3.8,-6.6,0,2,2.0,1
73.35,0.0877,0.2979,0.6636,OLHOS FECHADOS,100.0,3,0.4683,0,-3.7,-6.6,0,2,2.0,1
73.455,0.0852,0.2891,0.6653,OLHOS FECHADOS,100.0,3,0.4692,0,-3.6,-6.8,0,2,2.0,1
73.552,0.085,0.2886,0.663,OLHOS FECHADOS,100.0,3,0.4692,0,-3.7,-6.6,0,2,2.0,1
73.647,0.085,0.2886,0.6643,OLHOS FECHADOS,100.0,3,0.4717,0,-3.7,-6.5,0,2,2.0,1
73.76,0.0857,0.2909,0.6631,OLHOS FECHADOS,100.0,3,0.4733,0,-3.8,-6.5,0,2,2.0,1
73.858,0.0899,0.3052,0.6583,OLHOS FECHADOS,100.0,3,0.475,0,-3.9,-6.5,0,2,2.0,1
73.952,0.0883,0.2998,0.6576,OLHOS FECHADOS,100.0,3,0.4767,0,-3.9,-6.5,0,2,2.0,1
74.049,0.0875,0.2971,0.6578,OLHOS FECHADOS,100.0,3,0.4783,0,-3.8,-6.5,0,2,2.0,1
74.173,0.0876,0.2973,0.6593,OLHOS FECHADOS,100.0,3,0.48,0,-3.9,-6.5,0,2,2.0,1
74.264,0.0825,0.28,0.6688,OLHOS FECHADOS,100.0,3,0.4817,0,-3.9,-6.5,0,2,2.0,1
74.357,0.0836,0.2838,0.6648,OLHOS FECHADOS,100.0,3,0.4833,0,-3.9,-6.5,0,2,2.0,1
74.447,0.0845,0.287,0.6629,OLHOS FECHADOS,100.0,3,0.4842,0,-4.0,-6.4,0,2,2.0,1
74.559,0.0897,0.3045,0.6558,OLHOS FECHADOS,100.0,3,0.4867,0,-4.0,-6.4,0,2,2.0,1
74.655,0.0904,0.3069,0.6571,OLHOS FECHADOS,100.0,3,0.4875,0,-3.9,-6.5,0,2,2.0,1
74.751,0.0903,0.3065,0.6587,OLHOS FECHADOS,100.0,3,0.49,0,-3.7,-6.4,0,2,2.0,1
74.848,0.0866,0.2939,0.6694,OLHOS FECHADOS,100.0,3,0.4917,0,-3.5,-6.3,0,2,2.0,1
74.96,0.0883,0.2997,0.6658,OLHOS FECHADOS,100.0,3,0.4933,0,-3.6,-6.2,0,2,2.0,1
75.056,0.0878,0.2981,0.6637,OLHOS FECHADOS,100.0,3,0.495,0,-3.7,-6.3,0,2,2.0,1
75.152,0.0884,0.3003,0.6567,OLHOS FECHADOS,100.0,3,0.4967,0,-3.7,-6.3,0,2,2.0,1
75.248,0.088,0.2989,0.6554,OLHOS FECHADOS,100.0,3,0.4983,0,-3.5,-6.5,0,2,2.0,1
75.358,0.0881,0.2993,0.6541,OLHOS FECHADOS,100.0,3,0.5,0,-3.5,-6.1,0,2,2.0,1
75.456,0.0874,0.2967,0.6539,OLHOS FECHADOS,100.0,3,0.5008,0,-3.4,-6.1,0,2,2.0,1
75.552,0.0906,0.3076,0.6502,OLHOS FECHADOS,100.0,3,0.5033,0,-3.5,-6.1,0,2,2.0,1
75.651,0.0917,0.3115,0.6504,OLHOS FECHADOS,100.0,3,0.505,0,-3.5,-6.1,0,2,2.0,1
75.76,0.0902,0.3062,0.655,OLHOS FECHADOS,100.0,3,0.5067,0,-3.6,-6.1,0,2,2.0,1
75.855,0.0908,0.3083,0.6519,OLHOS FECHADOS,100.0,3,0.5075,0,-3.6,-6.1,0,2,2.0,1
75.951,0.0906,0.3075,0.6495,OLHOS FECHADOS,100.0,3,0.5092,0,-3.6,-6.1,0,2,2.0,1
76.048,0.089,0.3023,0.6479,OLHOS FECHADOS,100.0,3,0.5117,0,-3.7,-6.4,0,2,2.0,1
76.159,0.0889,0.3019,0.6462,OLHOS FECHADOS,100.0,3,0.5133,0,-3.8,-6.3,0,2,2.0,1
76.257,0.0887,0.3013,0.6449,OLHOS FECHADOS,100.0,3,0.515,0,-3.7,-6.4,0,2,2.0,1
76.351,0.0876,0.2973,0.6474,OLHOS FECHADOS,100.0,3,0.5167,0,-3.7,-6.2,0,2,2.0,1
76.448,0.089,0.3023,0.6467,OLHOS FECHADOS,100.0,3,0.5175,0,-3.7,-6.2,0,2,2.0,1
76.56,0.0874,0.2967,0.6476,OLHOS FECHADOS,100.0,3,0.52,0,-3.6,-6.2,0,2,2.0,1
76.655,0.087,0.2953,0.6495,OLHOS FECHADOS,100.0,3,0.5217,0,-3.5,-6.3,0,2,2.0,1
76.752,0.0866,0.2939,0.6545,OLHOS FECHADOS,100.0,3,0.5233,0,-3.3,-6.1,0,2,2.0,1
76.847,0.0847,0.2876,0.6553,OLHOS FECHADOS,100.0,3,0.5241,0,-3.3,-6.3,0,2,2.0,1
76.96,0.0878,0.2982,0.656,OLHOS FECHADOS,100.0,3,0.5267,0,-3.8,-6.4,0,2,2.0,1
77.056,0.0899,0.3054,0.6518,OLHOS FECHADOS,100.0,3,0.5283,0,-3.7,-6.2,0,2,2.0,1
77.151,0.0884,0.3003,0.6485,OLHOS FECHADOS,100.0,3,0.5291,0,-3.7,-6.1,0,2,2.0,1
77.247,0.0886,0.301,0.6457,OLHOS FECHADOS,100.0,3,0.5308,0,-3.7,-6.0,0,2,2.0,1
77.36,0.0904,0.3068,0.6402,OLHOS FECHADOS,100.0,3,0.5333,0,-3.8,-6.0,0,2,2.0,1
77.455,0.0917,0.3114,0.6406,OLHOS FECHADOS,100.0,3,0.535,0,-3.7,-6.0,0,2,2.0,1
77.552,0.0904,0.3071,0.6502,OLHOS FECHADOS,100.0,3,0.5358,0,-3.8,-6.1,0,2,2.0,1
77.648,0.0884,0.3,0.6509,OLHOS FECHADOS,100.0,3,0.5374,0,-3.7,-5.7,0,2,2.0,1
77.759,0.0882,0.2994,0.6462,OLHOS FECHADOS,100.0,3,0.54,0,-3.5,-5.7,0,2,2.0,1
77.855,0.0869,0.295,0.6541,OLHOS FECHADOS,100.0,3,0.5408,0,-3.6,-5.8,0,2,2.0,1
77.952,0.0878,0.298,0.6473,OLHOS FECHADOS,100.0,3,0.5433,0,-3.5,-5.8,0,2,2.0,1
78.049,0.0867,0.2944,0.6511,OLHOS FECHADOS,100.0,3,0.545,0,-3.5,-5.8,0,2,2.0,1
78.159,0.0879,0.2984,0.6516,OLHOS FECHADOS,100.0,3,0.5467,0,-3.5,-5.8,0,2,2.0,1
78.255,0.0867,0.2942,0.6534,OLHOS FECHADOS,100.0,3,0.5483,0,-3.6,-6.0,0,2,2.0,1
78.352,0.086,0.2921,0.6538,OLHOS FECHADOS,100.0,3,0.5491,0,-3.6,-5.9,0,2,2.0,1
78.447,0.0862,0.2925,0.6484,OLHOS FECHADOS,100.0,3,0.5517,0,-3.6,-5.9,0,2,2.0,1
78.56,0.0892,0.3027,0.6431,OLHOS FECHADOS,100.0,3,0.5533,0,-3.6,-5.9,0,2,2.0,1
78.656,0.0882,0.2995,0.6474,OLHOS FECHADOS,100.0,3,0.5541,0,-3.6,-5.9,0,2,2.0,1
78.751,0.0911,0.3093,0.6406,OLHOS FECHADOS,100.0,3,0.5557,0,-3.6,-5.8,0,2,2.0,1
78.849,0.0903,0.3065,0.6404,OLHOS FECHADOS,100.0,3,0.5583,0,-3.5,-5.8,0,2,2.0,1
78.964,0.0896,0.3043,0.6448,OLHOS FECHADOS,100.0,3,0.56,0,-3.5,-5.9,0,2,2.0,1
79.055,0.0885,0.3004,0.6453,OLHOS FECHADOS,100.0,3,0.5607,0,-3.5,-5.9,0,2,2.0,1
79.152,0.0903,0.3065,0.6442,OLHOS FECHADOS,100.0,3,0.5624,0,-3.7,-5.8,0,2,2.0,1
79.247,0.0896,0.3042,0.6491,OLHOS FECHADOS,100.0,3,0.5641,0,-3.7,-5.8,0,2,2.0,1
79.36,0.0926,0.3144,0.6423,OLHOS FECHADOS,100.0,3,0.5633,0,-3.7,-5.9,0,2,2.0,1
79.462,0.0907,0.3078,0.6459,OLHOS FECHADOS,100.0,3,0.5633,0,-3.7,-6.0,0,2,2.0,1
79.559,0.0929,0.3153,0.6409,OLHOS FECHADOS,100.0,3,0.5633,0,-3.7,-6.1,0,2,2.0,1
79.654,0.0943,0.3201,0.6392,OLHOS FECHADOS,100.0,3,0.565,0,-3.7,-6.0,0,2,2.0,1
79.76,0.0916,0.3111,0.6447,OLHOS FECHADOS,100.0,3,0.5667,0,-3.7,-5.9,0,2,2.0,1
79.856,0.0921,0.3125,0.6447,OLHOS FECHADOS,100.0,3,0.5683,0,-3.6,-5.9,0,2,2.0,1
79.959,0.0929,0.3154,0.6417,OLHOS FECHADOS,100.0,3,0.57,0,-3.6,-6.0,0,2,2.0,1
80.049,0.0935,0.3174,0.6415,OLHOS FECHADOS,100.0,3,0.5717,0,-3.6,-6.0,0,2,2.0,1
80.159,0.0915,0.3107,0.6473,OLHOS FECHADOS,100.0,3,0.5733,0,-3.6,-6.1,0,2,2.0,1
80.269,0.0911,0.3093,0.645,OLHOS FECHADOS,100.0,3,0.575,0,-3.5,-5.8,0,2,2.0,1
80.362,0.0911,0.3092,0.6466,OLHOS FECHADOS,100.0,3,0.5757,0,-3.5,-5.9,0,2,2.0,1
80.447,0.094,0.3191,0.642,OLHOS FECHADOS,100.0,3,0.5774,0,-3.7,-6.0,0,2,2.0,1
80.56,0.0931,0.3161,0.6411,OLHOS FECHADOS,100.0,3,0.58,0,-3.4,-6.0,0,2,2.0,1
80.655,0.092,0.3123,0.6479,OLHOS FECHADOS,100.0,3,0.5807,0,-3.6,-6.0,0,2,2.0,1
80.752,0.0941,0.3195,0.6442,OLHOS FECHADOS,100.0,3,0.5824,0,-3.6,-6.0,0,2,2.0,1
80.847,0.0931,0.3161,0.6498,OLHOS FECHADOS,100.0,3,0.584,0,-3.7,-6.1,0,2,2.0,1
80.959,0.094,0.3191,0.6474,OLHOS FECHADOS,100.0,3,0.5867,0,-3.7,-6.1,0,2,2.0,1
81.056,0.0962,0.3265,0.6358,OLHOS FECHADOS,100.0,3,0.5874,0,-3.6,-5.8,0,2,2.0,1
81.152,0.0976,0.3315,0.6303,OLHOS FECHADOS,100.0,3,0.589,0,-3.6,-5.8,0,2,2.0,1
81.25,0.0966,0.328,0.6346,OLHOS FECHADOS,100.0,3,0.5907,0,-3.4,-6.1,0,2,2.0,1
81.364,0.096,0.326,0.6353,OLHOS FECHADOS,100.0,3,0.5933,0,-3.4,-6.1,0,2,2.0,1
81.455,0.0967,0.3282,0.6347,OLHOS FECHADOS,100.0,3,0.595,0,-3.4,-6.1,0,2,2.0,1
81.563,0.0988,0.3356,0.6244,OLHOS FECHADOS,100.0,3,0.595,0,-3.4,-6.0,0,2,2.0,1
81.66,0.0945,0.3207,0.6289,OLHOS FECHADOS,100.0,3,0.595,0,-3.7,-6.0,0,2,2.0,1
81.759,0.0981,0.3332,0.633,OLHOS FECHADOS,100.0,3,0.595,0,-3.7,-6.2,0,2,2.0,1
81.856,0.0945,0.3209,0.6366,OLHOS FECHADOS,100.0,3,0.595,0,-3.8,-6.2,0,2,2.0,1
81.95,0.0963,0.3271,0.6306,OLHOS FECHADOS,100.0,3,0.5957,0,-3.7,-6.0,0,2,2.0,1
82.047,0.0953,0.3237,0.6386,OLHOS FECHADOS,100.0,3,0.5957,0,-3.7,-6.0,0,2,2.0,1
82.159,0.0921,0.3127,0.6456,OLHOS FECHADOS,100.0,3,0.595,0,-3.7,-6.0,0,2,2.0,1
82.255,0.0926,0.3145,0.647,OLHOS FECHADOS,100.0,3,0.595,0,-3.7,-6.1,0,2,2.0,1
82.352,0.0925,0.3141,0.6493,OLHOS FECHADOS,100.0,3,0.595,0,-3.8,-6.1,0,2,2.0,1
82.447,0.0919,0.312,0.6461,OLHOS FECHADOS,100.0,3,0.5957,0,-3.6,-6.1,0,2,2.0,1
82.559,0.0881,0.2992,0.65,OLHOS FECHADOS,100.0,3,0.595,0,-3.6,-6.2,0,2,2.0,1
82.656,0.086,0.2919,0.6511,OLHOS FECHADOS,100.0,3,0.5957,0,-3.6,-6.1,0,2,2.0,1
82.751,0.0884,0.3,0.6498,OLHOS FECHADOS,100.0,3,0.5957,0,-3.6,-6.1,0,2,2.0,1
82.848,0.0904,0.3071,0.6457,OLHOS FECHADOS,100.0,3,0.5957,0,-3.5,-6.0,0,2,2.0,1
82.966,0.0941,0.3196,0.639,OLHOS FECHADOS,100.0,3,0.595,0,-3.5,-6.0,0,2,2.0,1
83.069,0.0924,0.3136,0.6454,OLHOS FECHADOS,100.0,3,0.595,0,-3.7,-5.9,0,2,2.0,1
83.151,0.0922,0.3132,0.6479,OLHOS FECHADOS,100.0,3,0.5957,0,-3.5,-6.1,0,2,2.0,1
83.247,0.0921,0.3127,0.6485,OLHOS FECHADOS,100.0,3,0.5957,0,-3.7,-6.2,0,2,2.0,1
83.359,0.0915,0.3105,0.6514,OLHOS FECHADOS,100.0,3,0.595,0,-3.5,-6.1,0,2,2.0,1
83.456,0.0913,0.3098,0.6494,OLHOS FECHADOS,100.0,3,0.5957,0,-3.6,-5.9,0,2,2.0,1
83.565,0.0921,0.3128,0.6386,OLHOS FECHADOS,100.0,3,0.595,0,-3.5,-6.0,0,2,2.0,1
83.65,0.0957,0.3249,0.6388,OLHOS FECHADOS,100.0,3,0.595,0,-3.5,-6.0,0,2,2.0,1
83.762,0.0966,0.3279,0.639,OLHOS FECHADOS,100.0,3,0.595,0,-3.4,-5.8,0,2,2.0,1
83.856,0.097,0.3295,0.6375,OLHOS FECHADOS,100.0,3,0.595,0,-3.7,-6.1,0,2,2.0,1
83.951,0.0956,0.3246,0.6338,OLHOS FECHADOS,100.0,3,0.5957,0,-3.6,-6.2,0,2,2.0,1
84.047,0.0994,0.3375,0.6283,OLHOS FECHADOS,100.0,3,0.5957,0,-3.7,-6.1,0,2,2.0,1
84.159,0.0984,0.334,0.6322,OLHOS FECHADOS,100.0,3,0.595,0,-3.6,-6.1,0,2,2.0,1
84.257,0.0967,0.3284,0.6368,OLHOS FECHADOS,100.0,3,0.595,0,-3.6,-5.9,0,2,2.0,1
84.352,0.097,0.3295,0.638,OLHOS FECHADOS,100.0,3,0.5957,0,-3.6,-5.9,0,2,2.0,1
84.448,0.0981,0.3332,0.6281,OLHOS FECHADOS,100.0,3,0.5957,0,-3.6,-6.0,0,2,2.0,1
84.567,0.0985,0.3345,0.6265,OLHOS FECHADOS,100.0,3,0.595,0,-3.7,-6.0,0,2,2.0,1
84.66,0.0971,0.3296,0.6345,OLHOS FECHADOS,100.0,3,0.595,0,-3.7,-5.9,0,2,2.0,1
84.752,0.0961,0.3263,0.6387,OLHOS FECHADOS,100.0,3,0.595,0,-3.6,-5.8,0,2,2.0,1
84.849,0.0947,0.3216,0.6427,OLHOS FECHADOS,100.0,3,0.595,0,-3.6,-5.9,0,2,2.0,1
84.963,0.0953,0.3236,0.64,OLHOS FECHADOS,100.0,3,0.595,0,-3.6,-5.9,0,2,2.0,1
85.059,0.0929,0.3154,0.6443,OLHOS FECHADOS,100.0,3,0.595,0,-3.6,-5.8,0,2,2.0,1
85.165,0.0928,0.3152,0.6469,OLHOS FECHADOS,100.0,3,0.595,0,-3.6,-5.9,0,2,2.0,1
85.259,0.0937,0.3181,0.6423,OLHOS FECHADOS,100.0,3,0.595,0,-3.7,-5.7,0,2,2.0,1
85.362,0.0961,0.3263,0.6398,OLHOS FECHADOS,100.0,3,0.595,0,-3.7,-5.9,0,2,2.0,1
85.458,0.0954,0.3238,0.6404,OLHOS FECHADOS,100.0,3,0.595,0,-3.6,-5.9,0,2,2.0,1
85.551,0.0955,0.3241,0.6415,OLHOS FECHADOS,100.0,3,0.5957,0,-3.6,-5.9,0,2,2.0,1
85.647,0.0931,0.3161,0.6412,OLHOS FECHADOS,100.0,3,0.5957,0,-3.7,-5.8,0,2,2.0,1
85.759,0.0941,0.3195,0.6418,OLHOS FECHADOS,100.0,3,0.595,0,-3.7,-5.9,0,2,2.0,1
85.856,0.097,0.3293,0.6332,OLHOS FECHADOS,100.0,3,0.595,0,-3.7,-5.9,0,2,2.0,1
85.951,0.0973,0.3302,0.6341,OLHOS FECHADOS,100.0,3,0.5957,0,-3.7,-5.9,0,2,2.0,1
86.048,0.0969,0.3291,0.6357,OLHOS FECHADOS,100.0,3,0.5957,0,-3.7,-6.0,0,2,2.0,1
86.16,0.0954,0.324,0.636,OLHOS FECHADOS,100.0,3,0.595,0,-3.7,-6.0,0,2,2.0,1
86.255,0.0969,0.3292,0.6348,OLHOS FECHADOS,100.0,3,0.5957,0,-3.6,-5.9,0,2,2.0,1
86.351,0.0947,0.3217,0.6377,OLHOS FECHADOS,100.0,3,0.595,0,-3.6,-6.1,0,2,2.0,1
86.448,0.093,0.3156,0.6392,OLHOS FECHADOS,100.0,3,0.595,0,-3.6,-6.1,0,2,2.0,1
86.56,0.0905,0.3073,0.6431,OLHOS FECHADOS,100.0,3,0.595,0,-3.7,-6.2,0,2,2.0,1
86.655,0.0918,0.3117,0.6386,OLHOS FECHADOS,100.0,3,0.5957,0,-3.6,-6.2,0,2,2.0,1
86.751,0.0933,0.3168,0.6392,OLHOS FECHADOS,100.0,3,0.595,0,-3.7,-6.2,0,2,2.0,1
86.85,0.0926,0.3143,0.6387,OLHOS FECHADOS,100.0,3,0.595,0,-3.6,-6.2,0,2,2.0,1
86.959,0.0922,0.313,0.6361,OLHOS FECHADOS,100.0,3,0.595,0,-3.6,-6.2,0,2,2.0,1
87.054,0.0888,0.3016,0.6471,OLHOS FECHADOS,100.0,3,0.595,0,-3.6,-6.1,0,2,2.0,1
87.152,0.0906,0.3075,0.6435,OLHOS FECHADOS,100.0,3,0.5957,0,-3.5,-6.2,0,2,2.0,1
87.25,0.0904,0.307,0.6437,OLHOS FECHADOS,100.0,3,0.595,0,-3.5,-6.2,0,2,2.0,1
87.359,0.0906,0.3075,0.6436,OLHOS FECHADOS,100.0,3,0.595,0,-3.5,-6.2,0,2,2.0,1
87.455,0.0902,0.3062,0.6411,OLHOS FECHADOS,100.0,3,0.5957,0,-3.5,-5.9,0,2,2.0,1
87.551,0.0877,0.2977,0.6456,OLHOS FECHADOS,100.0,3,0.595,0,-3.6,-6.1,0,2,2.0,1
87.647,0.0865,0.2938,0.651,OLHOS FECHADOS,100.0,3,0.5957,0,-3.5,-6.1,0,2,2.0,1
87.759,0.088,0.2988,0.6497,OLHOS FECHADOS,100.0,3,0.595,0,-3.5,-6.1,0,2,2.0,1
87.855,0.0899,0.3054,0.646,OLHOS FECHADOS,100.0,3,0.5957,0,-3.5,-6.0,0,2,2.0,1
87.953,0.093,0.3158,0.6384,OLHOS FECHADOS,100.0,3,0.595,0,-3.7,-6.0,0,2,2.0,1
88.047,0.0921,0.3128,0.637,OLHOS FECHADOS,100.0,3,0.595,0,-3.6,-5.9,0,2,2.0,1
88.16,0.0897,0.3046,0.6486,OLHOS FECHADOS,100.0,3,0.595,0,-3.5,-5.6,0,2,2.0,1
88.255,0.0886,0.3007,0.6522,OLHOS FECHADOS,100.0,3,0.5957,0,-3.5,-5.5,0,2,2.0,1
88.351,0.0906,0.3076,0.6489,OLHOS FECHADOS,100.0,3,0.595,0,-3.5,-5.9,0,2,2.0,1
88.449,0.0891,0.3025,0.6483,OLHOS FECHADOS,100.0,3,0.5957,0,-3.5,-5.9,0,2,2.0,1
88.56,0.0878,0.298,0.6501,OLHOS FECHADOS,100.0,3,0.595,0,-3.6,-6.0,0,2,2.0,1
88.658,0.0899,0.3053,0.6484,OLHOS FECHADOS,100.0,3,0.595,0,-3.7,-6.2,0,2,2.0,1
88.752,0.0917,0.3112,0.646,OLHOS FECHADOS,100.0,3,0.5957,0,-3.7,-6.3,0,2,2.0,1
88.848,0.0926,0.3144,0.6418,OLHOS FECHADOS,100.0,3,0.5957,0,-3.7,-6.2,0,2,2.0,1
88.959,0.0963,0.327,0.6387,OLHOS FECHADOS,100.0,3,0.595,0,-3.7,-6.1,0,2,2.0,1
89.055,0.0969,0.3291,0.6393,OLHOS FECHADOS,100.0,3,0.5957,0,-3.8,-6.2,0,2,2.0,1
89.151,0.093,0.3158,0.6497,OLHOS FECHADOS,100.0,3,0.5957,0,-3.9,-6.1,0,2,2.0,1
89.249,0.0874,0.2967,0.6463,OLHOS FECHADOS,100.0,3,0.595,0,-3.9,-6.3,0,2,2.0,1
89.36,0.0975,0.3309,0.6259,OLHOS FECHADOS,100.0,3,0.595,0,-3.9,-6.4,0,2,2.0,1
89.455,0.0993,0.3372,0.6242,OLHOS FECHADOS,100.0,3,0.595,0,-4.0,-6.4,0,2,2.0,1
89.551,0.1024,0.3478,0.6092,OLHOS FECHADOS,100.0,3,0.5957,0,-4.0,-6.4,0,2,2.0,1
89.647,0.1053,0.3574,0.5977,OLHOS FECHADOS,100.0,3,0.595,0,-3.9,-6.4,0,2,2.0,1
89.759,0.0977,0.3318,0.6117,OLHOS FECHADOS,100.0,3,0.595,0,-3.8,-6.6,0,2,2.0,1
89.855,0.1118,0.3796,0.5799,OLHOS FECHADOS,100.0,3,0.5957,0,-3.8,-6.7,0,2,2.0,1
89.951,0.1154,0.392,0.5791,OLHOS FECHADOS,100.0,3,0.5957,0,-4.0,-6.8,0,2,2.0,1
90.048,0.1141,0.3873,0.5815,OLHOS FECHADOS,100.0,3,0.5957,0,-4.2,-6.8,0,2,2.0,1
90.159,0.1133,0.3847,0.5797,OLHOS FECHADOS,100.0,3,0.595,0,-4.1,-6.9,0,2,2.0,1
90.255,0.1149,0.3902,0.5816,OLHOS FECHADOS,100.0,3,0.5957,0,-4.0,-6.9,0,2,2.0,1
90.352,0.106,0.3598,0.5915,OLHOS FECHADOS,100.0,3,0.5957,0,-3.9,-6.9,0,2,2.0,1
90.447,0.0966,0.3279,0.6346,OLHOS FECHADOS,100.0,3,0.5957,0,-3.9,-6.8,0,2,2.0,1
90.559,0.096,0.3261,0.6339,OLHOS FECHADOS,100.0,3,0.595,0,-3.9,-7.1,0,2,2.0,1
90.655,0.0936,0.3178,0.6431,OLHOS FECHADOS,100.0,3,0.5957,0,-3.8,-7.0,0,2,2.0,1
90.752,0.0952,0.3231,0.6384,OLHOS FECHADOS,100.0,3,0.5957,0,-3.8,-6.8,0,2,2.0,1
90.849,0.0922,0.3129,0.6496,OLHOS FECHADOS,100.0,3,0.5957,0,-3.8,-6.7,0,2,2.0,1
90.959,0.0935,0.3174,0.6479,OLHOS FECHADOS,100.0,3,0.595,0,-3.9,-6.8,0,2,2.0,1
91.055,0.0945,0.321,0.6421,OLHOS FECHADOS,100.0,3,0.5957,0,-4.0,-6.8,0,2,2.0,1
91.151,0.0956,0.3246,0.6374,OLHOS FECHADOS,100.0,3,0.5957,0,-3.9,-6.7,0,2,2.0,1
91.248,0.0919,0.3121,0.6408,OLHOS FECHADOS,100.0,3,0.595,0,-3.8,-6.6,0,2,2.0,1
91.359,0.0902,0.3062,0.6428,OLHOS FECHADOS,100.0,3,0.595,0,-3.8,-6.7,0,2,2.0,1
91.456,0.0921,0.3127,0.6435,OLHOS FECHADOS,100.0,3,0.595,0,-3.8,-6.8,0,2,2.0,1
91.551,0.0923,0.3133,0.6371,OLHOS FECHADOS,100.0,3,0.5957,0,-3.8,-6.6,0,2,2.0,1
91.649,0.0921,0.3127,0.6403,OLHOS FECHADOS,100.0,3,0.595,0,-3.7,-6.5,0,2,2.0,0
91.759,0.0997,0.3385,0.6263,OLHOS FECHADOS,100.0,3,0.595,0,-3.7,-6.4,0,2,2.0,0
91.856,0.1222,0.4148,0.5581,OLHOS FECHADOS,100.0,3,0.595,0,-3.7,-6.4,0,2,2.0,0
91.952,0.1338,0.4544,0.5298,OLHOS FECHADOS,100.0,3,0.5957,0,-3.6,-6.5,0,2,2.0,0
92.047,0.1449,0.4919,0.4939,OLHOS FECHADOS,100.0,3,0.5957,0,-3.7,-6.5,0,2,2.0,0
92.159,0.1545,0.5247,0.4573,OLHOS FECHADOS,100.0,3,0.595,0,-3.6,-6.6,0,2,2.0,0
92.256,0.1638,0.5562,0.4269,SEMICERRADO,100.0,3,0.5957,0,-3.4,-6.7,0,2,2.0,0
92.359,0.2166,0.7355,0.2869,SEMICERRADO,100.0,3,0.595,0,-3.5,-6.5,0,2,2.0,0
92.448,0.2389,0.8112,0.2624,OLHOS ABERTOS,97.78,3,0.5933,0,-3.3,-6.4,0,2,2.0,0
92.561,0.2575,0.8742,0.2296,OLHOS ABERTOS,94.95,3,0.5917,0,-3.5,-6.3,0,2,2.0,0
92.655,0.2645,0.8981,0.2179,OLHOS ABERTOS,92.59,3,0.5907,0,-3.5,-6.2,0,2,2.0,0
92.751,0.2732,0.9275,0.1987,OLHOS ABERTOS,90.2,3,0.589,0,-3.5,-6.2,0,2,2.0,0
92.847,0.2785,0.9454,0.195,OLHOS ABERTOS,87.81,3,0.5874,0,-3.5,-6.2,0,2,2.0,0
92.96,0.2795,0.9488,0.19,OLHOS ABERTOS,84.97,2,0.585,0,-3.4,-6.2,0,2,2.0,0
93.055,0.2812,0.9546,0.1789,OLHOS ABERTOS,82.59,2,0.584,0,-3.5,-6.2,0,2,2.0,0
93.153,0.2807,0.9532,0.1845,OLHOS ABERTOS,80.16,2,0.5817,0,-3.6,-5.8,0,2,2.0,0
93.25,0.281,0.9542,0.1865,OLHOS ABERTOS,77.72,2,0.58,0,-3.7,-5.9,0,2,2.0,0
93.36,0.2821,0.9579,0.1864,OLHOS ABERTOS,74.98,2,0.5783,0,-3.6,-5.9,0,2,2.0,0
93.455,0.2827,0.9599,0.1876,OLHOS ABERTOS,72.6,2,0.5767,0,-3.8,-6.0,0,2,2.0,0
93.552,0.2832,0.9616,0.1843,OLHOS ABERTOS,70.18,2,0.5757,0,-3.7,-5.7,0,2,2.0,0
93.65,0.2829,0.9607,0.1806,OLHOS ABERTOS,67.74,2,0.5733,0,-3.7,-5.9,0,2,2.0,0
93.761,0.2851,0.9681,0.1815,OLHOS ABERTOS,64.96,2,0.5717,0,-3.8,-5.9,0,2,2.0,0
93.865,0.283,0.9608,0.1836,OLHOS ABERTOS,62.35,2,0.57,0,-3.6,-6.0,0,2,2.0,0
93.951,0.2799,0.9502,0.1959,OLHOS ABERTOS,60.19,2,0.5691,0,-3.5,-6.1,0,2,2.0,0
94.048,0.2789,0.947,0.1991,OLHOS ABERTOS,57.77,1,0.5674,0,-3.5,-6.1,0,2,2.0,0
94.16,0.2782,0.9447,0.1956,OLHOS ABERTOS,54.96,1,0.565,0,-3.6,-6.0,0,2,2.0,0
94.259,0.2762,0.9377,0.2009,OLHOS ABERTOS,52.51,1,0.5633,0,-3.5,-6.0,0,2,2.0,0
94.352,0.2711,0.9206,0.2045,OLHOS ABERTOS,50.16,1,0.5624,0,-3.4,-6.0,0,2,2.0,0
94.448,0.2706,0.9186,0.204,OLHOS ABERTOS,47.78,1,0.5607,0,-3.4,-6.0,0,2,2.0,0
94.562,0.2717,0.9223,0.1998,OLHOS ABERTOS,44.94,1,0.5583,0,-3.4,-5.9,0,2,2.0,0
94.656,0.2712,0.921,0.2029,OLHOS ABERTOS,42.56,1,0.5574,0,-3.4,-5.9,0,2,2.0,0
94.754,0.2719,0.9233,0.2044,OLHOS ABERTOS,40.12,1,0.5557,0,-3.4,-5.9,0,2,2.0,0
94.849,0.2709,0.9198,0.2071,OLHOS ABERTOS,37.75,1,0.5541,0,-3.4,-6.1,0,2,2.0,0
94.965,0.2711,0.9205,0.2087,OLHOS ABERTOS,34.85,1,0.5517,0,-3.3,-5.7,0,2,2.0,0
95.056,0.2698,0.9162,0.2121,OLHOS ABERTOS,32.57,1,0.55,0,-3.4,-5.9,0,2,2.0,0
95.152,0.2701,0.9171,0.2092,OLHOS ABERTOS,30.19,1,0.5483,0,-3.4,-5.9,0,2,2.0,0
95.247,0.2706,0.9186,0.2103,OLHOS ABERTOS,27.8,0,0.5474,0,-3.5,-5.7,0,2,2.0,0
95.36,0.2658,0.9026,0.2111,OLHOS ABERTOS,24.98,0,0.545,0,-3.4,-5.7,0,2,2.0,0
95.458,0.2706,0.9188,0.1999,OLHOS ABERTOS,22.52,0,0.5433,0,-3.3,-5.7,0,2,2.0,0
95.565,0.2696,0.9152,0.1989,OLHOS ABERTOS,19.86,0,0.5417,0,-3.3,-5.7,0,2,2.0,0
95.665,0.266,0.9031,0.2011,OLHOS ABERTOS,17.34,0,0.54,0,-3.4,-6.0,0,2,2.0,0
95.765,0.267,0.9064,0.1984,OLHOS ABERTOS,14.85,0,0.5383,0,-3.4,-5.9,0,2,2.0,0
95.856,0.2659,0.9028,0.1956,OLHOS ABERTOS,12.59,0,0.5374,0,-3.3,-6.1,0,2,2.0,0
95.959,0.266,0.9031,0.1943,OLHOS ABERTOS,9.99,0,0.535,0,-3.3,-6.2,0,2,2.0,0
96.059,0.2413,0.8193,0.2403,OLHOS ABERTOS,7.51,0,0.5333,0,-3.3,-6.1,0,2,2.0,0
96.159,0.2239,0.7601,0.2733,SEMICERRADO,9.32,0,0.5333,0,-3.3,-6.1,0,2,2.0,0
96.262,0.2265,0.769,0.265,SEMICERRADO,11.17,0,0.5333,0,-3.3,-6.1,0,2,2.0,0
96.352,0.2283,0.775,0.2585,SEMICERRADO,12.79,0,0.5333,0,-3.2,-6.1,0,2,2.0,0
96.448,0.2278,0.7735,0.2583,SEMICERRADO,14.52,0,0.5333,0,-3.2,-6.2,0,2,2.0,0
96.564,0.2277,0.7732,0.2584,SEMICERRADO,16.6,0,0.5333,0,-3.2,-6.1,0,2,2.0,0
96.661,0.1826,0.6201,0.4173,SEMICERRADO,18.35,0,0.5333,0,-3.6,-6.2,0,2,2.0,0
96.758,0.1055,0.3582,0.622,OLHOS FECHADOS,22.74,0,0.5333,0,-3.9,-6.3,0,2,2.0,0
96.857,0.1056,0.3586,0.6266,OLHOS FECHADOS,27.17,0,0.5333,0,-4.0,-6.4,0,2,2.0,0
96.96,0.1509,0.5123,0.4817,OLHOS FECHADOS,31.8,1,0.5333,0,-3.9,-6.5,0,2,2.0,0
97.056,0.1978,0.6715,0.3525,SEMICERRADO,33.53,1,0.5333,0,-3.7,-6.5,0,2,2.0,0
97.151,0.2256,0.7661,0.2837,SEMICERRADO,35.25,1,0.5333,0,-3.6,-6.1,0,2,2.0,0
97.249,0.2436,0.8269,0.2565,OLHOS ABERTOS,32.81,1,0.5317,0,-3.5,-5.9,0,2,2.0,0
97.36,0.2522,0.8563,0.2403,OLHOS ABERTOS,30.05,1,0.53,0,-3.5,-5.8,0,2,2.0,0
97.458,0.2511,0.8524,0.2435,OLHOS ABERTOS,27.59,0,0.5283,0,-3.3,-5.7,0,2,2.0,0
97.552,0.2511,0.8526,0.243,OLHOS ABERTOS,25.25,0,0.5267,0,-3.3,-5.7,0,2,2.0,0
97.648,0.2508,0.8516,0.2431,OLHOS ABERTOS,22.85,0,0.5258,0,-3.3,-5.6,0,2,2.0,0
97.76,0.2508,0.8517,0.2419,OLHOS ABERTOS,20.04,0,0.5233,0,-3.3,-5.6,0,2,2.0,0
97.855,0.2534,0.8605,0.2399,OLHOS ABERTOS,17.66,0,0.5225,0,-3.3,-5.5,0,2,2.0,0
97.955,0.2527,0.858,0.2405,OLHOS ABERTOS,15.17,0,0.52,0,-3.4,-5.6,0,2,2.0,0
98.055,0.2542,0.8632,0.2383,OLHOS ABERTOS,12.67,0,0.5183,0,-3.4,-5.6,0,2,2.0,0
98.16,0.2548,0.8651,0.2368,OLHOS ABERTOS,10.04,0,0.5167,0,-3.5,-5.6,0,2,2.0,0
98.256,0.2548,0.8653,0.2365,OLHOS ABERTOS,7.65,0,0.515,0,-3.5,-5.4,0,2,2.0,0
98.355,0.2527,0.8578,0.2306,OLHOS ABERTOS,5.16,0,0.5133,0,-3.4,-5.3,0,2,2.0,0
98.45,0.2532,0.8596,0.2301,OLHOS ABERTOS,2.8,0,0.5117,0,-3.4,-5.3,0,2,2.0,0
98.559,0.2549,0.8656,0.2266,OLHOS ABERTOS,0.06,0,0.51,0,-3.4,-5.4,0,2,2.0,0
98.656,0.2548,0.865,0.2278,OLHOS ABERTOS,0.0,0,0.5092,0,-3.3,-5.4,0,2,2.0,0
98.752,0.2555,0.8673,0.2266,OLHOS ABERTOS,0.0,0,0.5067,0,-3.3,-5.3,0,2,2.0,0
98.847,0.2346,0.7965,0.2599,OLHOS ABERTOS,0.0,0,0.5058,0,-3.4,-5.6,0,2,2.0,0
98.96,0.2295,0.7793,0.2682,SEMICERRADO,2.04,0,0.505,0,-3.3,-5.7,0,2,2.0,0
99.055,0.2256,0.7658,0.2721,SEMICERRADO,3.75,0,0.5058,0,-3.3,-5.7,0,2,2.0,0
99.151,0.2253,0.7648,0.2622,SEMICERRADO,5.48,0,0.5058,0,-3.3,-5.8,0,2,2.0,0
99.248,0.2223,0.7548,0.2665,SEMICERRADO,7.21,0,0.505,0,-3.3,-5.8,0,2,2.0,0
99.359,0.2235,0.7588,0.2695,SEMICERRADO,9.22,0,0.505,0,-3.3,-5.9,0,2,2.0,0
99.455,0.2243,0.7617,0.2669,SEMICERRADO,10.95,0,0.5058,0,-3.3,-5.9,0,2,2.0,0
99.551,0.2287,0.7764,0.2687,SEMICERRADO,12.67,0,0.5058,0,-3.4,-5.7,0,2,2.0,0
99.647,0.233,0.7911,0.2667,OLHOS ABERTOS,10.26,0,0.5042,0,-3.2,-5.4,0,2,2.0,0
99.759,0.2356,0.7998,0.2587,OLHOS ABERTOS,7.47,0,0.5017,0,-3.2,-5.6,0,2,2.0,0
99.856,0.2383,0.809,0.2613,OLHOS ABERTOS,5.05,0,0.5008,0,-3.2,-5.6,0,2,2.0,0
99.952,0.2395,0.8133,0.2588,OLHOS ABERTOS,2.63,0,0.4992,0,-3.1,-5.4,0,2,2.0,0
100.048,0.242,0.8217,0.2504,OLHOS ABERTOS,0.25,0,0.4967,0,-3.1,-5.4,0,2,2.0,0
100.159,0.2434,0.8264,0.2503,OLHOS ABERTOS,0.0,0,0.495,0,-3.2,-5.4,0,2,2.0,0
100.256,0.2442,0.8291,0.251,OLHOS ABERTOS,0.0,0,0.4942,0,-3.2,-5.4,0,2,2.0,0
100.363,0.2261,0.7675,0.2655,SEMICERRADO,1.94,0,0.4933,0,-3.3,-5.8,0,2,2.0,0
100.449,0.2204,0.7484,0.2747,SEMICERRADO,3.47,0,0.4942,0,-3.4,-5.8,0,2,2.0,0
100.564,0.2239,0.7602,0.2652,SEMICERRADO,5.54,0,0.4933,0,-3.3,-6.0,0,2,2.0,0
100.655,0.2219,0.7535,0.2661,SEMICERRADO,7.2,0,0.4942,0,-3.3,-6.2,0,2,2.0,0
100.752,0.2218,0.753,0.2693,SEMICERRADO,8.93,0,0.4942,0,-3.4,-6.2,0,2,2.0,0
100.854,0.2226,0.7557,0.2598,SEMICERRADO,10.77,0,0.4933,0,-3.3,-6.1,0,2,2.0,0
100.959,0.2189,0.7432,0.271,SEMICERRADO,12.67,0,0.4933,0,-3.2,-6.1,0,2,2.0,0
101.056,0.218,0.7402,0.2768,SEMICERRADO,14.41,0,0.4942,0,-3.2,-6.1,0,2,2.0,0
101.151,0.2194,0.7449,0.2713,SEMICERRADO,16.11,0,0.4942,0,-3.2,-6.1,0,2,2.0,0
101.248,0.2183,0.7412,0.2756,SEMICERRADO,17.86,0,0.4942,0,-3.2,-6.1,0,2,2.0,0
101.359,0.2173,0.7376,0.2725,SEMICERRADO,19.86,0,0.4933,0,-3.2,-6.1,0,2,2.0,0
101.455,0.2167,0.7357,0.2795,SEMICERRADO,21.59,0,0.4942,0,-3.3,-6.1,0,2,2.0,0
101.551,0.2225,0.7556,0.267,SEMICERRADO,23.32,0,0.4942,0,-3.2,-5.8,0,2,2.0,0
101.647,0.224,0.7607,0.2628,SEMICERRADO,25.05,0,0.4933,0,-3.3,-5.9,0,2,2.0,0
101.759,0.223,0.7571,0.2662,SEMICERRADO,27.07,0,0.4933,0,-3.3,-6.0,0,2,2.0,0
101.855,0.223,0.7571,0.2849,SEMICERRADO,28.79,0,0.4942,0,-3.2,-5.8,0,2,2.0,0
101.955,0.2262,0.7681,0.2836,SEMICERRADO,30.6,1,0.4933,0,-3.2,-5.8,0,2,2.0,0
102.048,0.2304,0.7821,0.2744,OLHOS ABERTOS,28.29,0,0.4925,0,-3.2,-5.7,0,2,2.0,0
102.161,0.2339,0.794,0.2739,OLHOS ABERTOS,25.46,0,0.49,0,-3.2,-5.7,0,2,2.0,0
102.256,0.2379,0.8078,0.2627,OLHOS ABERTOS,23.08,0,0.4883,0,-3.3,-5.4,0,2,2.0,0
102.359,0.2384,0.8094,0.2645,OLHOS ABERTOS,20.5,0,0.4867,0,-3.2,-5.4,0,2,2.0,0
102.448,0.24,0.8149,0.2596,OLHOS ABERTOS,18.28,0,0.4859,0,-3.3,-5.5,0,2,2.0,0
102.56,0.2453,0.8328,0.2486,OLHOS ABERTOS,15.5,0,0.4833,0,-3.2,-5.6,0,2,2.0,0
102.659,0.2491,0.8457,0.2466,OLHOS ABERTOS,13.02,0,0.4817,0,-3.3,-5.5,0,2,2.0,0
102.755,0.2502,0.8495,0.2443,OLHOS ABERTOS,10.62,0,0.48,0,-3.3,-5.6,0,2,2.0,0
102.847,0.2509,0.8518,0.2427,OLHOS ABERTOS,8.32,0,0.4792,0,-3.4,-5.6,0,2,2.0,0
102.959,0.2504,0.8503,0.2389,OLHOS ABERTOS,5.51,0,0.4767,0,-3.3,-5.6,0,2,2.0,0
103.056,0.2498,0.8482,0.2401,OLHOS ABERTOS,3.09,0,0.475,0,-3.2,-5.4,0,2,2.0,0
103.152,0.2511,0.8527,0.2416,OLHOS ABERTOS,0.69,0,0.4742,0,-3.3,-5.4,0,2,2.0,0
103.247,0.2524,0.857,0.2351,OLHOS ABERTOS,0.0,0,0.4725,0,-3.3,-5.4,0,2,2.0,0
103.36,0.251,0.8522,0.2326,OLHOS ABERTOS,0.0,0,0.47,0,-3.1,-5.4,0,2,2.0,0
103.456,0.2504,0.8503,0.2373,OLHOS ABERTOS,0.0,0,0.4692,0,-3.2,-5.4,0,2,2.0,0
103.551,0.2507,0.8512,0.2337,OLHOS ABERTOS,0.0,0,0.4667,0,-3.4,-5.6,0,2,2.0,0
103.65,0.2515,0.8538,0.2353,OLHOS ABERTOS,0.0,0,0.465,0,-3.3,-5.5,0,2,2.0,0
103.76,0.2518,0.8549,0.2379,OLHOS ABERTOS,0.0,0,0.465,0,-3.3,-5.7,0,2,2.0,0
103.856,0.2521,0.8559,0.2375,OLHOS ABERTOS,0.0,0,0.4642,0,-3.4,-5.7,0,2,2.0,0
103.952,0.2525,0.8572,0.24,OLHOS ABERTOS,0.0,0,0.4642,0,-3.4,-5.4,0,2,2.0,0
104.058,0.2514,0.8537,0.2407,OLHOS ABERTOS,0.0,0,0.465,0,-3.4,-5.4,0,2,2.0,0
104.16,0.2531,0.8595,0.2414,OLHOS ABERTOS,0.0,0,0.465,0,-3.4,-5.5,0,2,2.0,0
104.268,0.2529,0.8585,0.2383,OLHOS ABERTOS,0.0,0,0.465,0,-3.3,-5.4,0,2,2.0,0
104.359,0.2528,0.8582,0.2389,OLHOS ABERTOS,0.0,0,0.465,0,-3.3,-5.3,0,2,2.0,0
104.45,0.2529,0.8586,0.2382,OLHOS ABERTOS,0.0,0,0.4642,0,-3.4,-5.4,0,2,2.0,0
104.562,0.2534,0.8602,0.2347,OLHOS ABERTOS,0.0,0,0.465,0,-3.4,-5.3,0,2,2.0,0
104.665,0.2544,0.8638,0.2316,OLHOS ABERTOS,0.0,0,0.465,0,-3.3,-5.3,0,2,2.0,0
104.753,0.2542,0.863,0.2349,OLHOS ABERTOS,0.0,0,0.4642,0,-3.2,-5.3,0,2,2.0,0
104.848,0.2295,0.7792,0.2635,SEMICERRADO,1.7,0,0.4659,0,-3.2,-5.4,0,2,2.0,0
104.96,0.2275,0.7725,0.2626,SEMICERRADO,3.72,0,0.4683,0,-3.3,-5.6,0,2,2.0,0
105.056,0.2302,0.7817,0.2484,OLHOS ABERTOS,1.32,0,0.4683,0,-3.3,-5.8,0,2,3.0,0
105.151,0.2335,0.7926,0.2534,OLHOS ABERTOS,0.0,0,0.4683,0,-3.3,-5.7,0,2,3.0,0
105.247,0.2513,0.8531,0.2323,OLHOS ABERTOS,0.0,0,0.4676,0,-3.4,-5.4,0,2,3.0,0
105.359,0.2577,0.8751,0.2261,OLHOS ABERTOS,0.0,0,0.4683,0,-3.4,-5.4,0,2,3.0,0
105.456,0.2582,0.8768,0.227,OLHOS ABERTOS,0.0,0,0.4676,0,-3.4,-5.4,0,2,3.0,0
105.551,0.2588,0.8786,0.2236,OLHOS ABERTOS,0.0,0,0.4676,0,-3.4,-5.4,0,2,3.0,0
105.648,0.2586,0.878,0.2253,OLHOS ABERTOS,0.0,0,0.4676,0,-3.3,-5.5,0,2,3.0,0
105.759,0.2582,0.8768,0.2258,OLHOS ABERTOS,0.0,0,0.4683,0,-3.3,-5.4,0,2,3.0,0
105.855,0.2576,0.8745,0.227,OLHOS ABERTOS,0.0,0,0.4676,0,-3.4,-5.3,0,2,3.0,0
105.951,0.2577,0.8749,0.2266,OLHOS ABERTOS,0.0,0,0.4676,0,-3.4,-5.3,0,2,3.0,0
106.049,0.2573,0.8737,0.2256,OLHOS ABERTOS,0.0,0,0.4683,0,-3.3,-5.2,0,2,3.0,0
106.159,0.2585,0.8778,0.2247,OLHOS ABERTOS,0.0,0,0.4683,0,-3.4,-5.2,0,2,3.0,0
106.256,0.2559,0.8687,0.2267,OLHOS ABERTOS,0.0,0,0.4676,0,-3.3,-5.2,0,2,3.0,0
106.351,0.2382,0.8088,0.2449,OLHOS ABERTOS,0.0,0,0.4676,0,-3.3,-5.3,0,2,3.0,0
106.447,0.235,0.7979,0.2464,OLHOS ABERTOS,0.0,0,0.4676,0,-3.4,-5.6,0,2,3.0,0
106.559,0.2356,0.8001,0.2387,OLHOS ABERTOS,0.0,0,0.4683,0,-3.4,-5.6,0,2,3.0,0
106.656,0.2337,0.7934,0.2511,OLHOS ABERTOS,0.0,0,0.4676,0,-3.3,-5.8,0,2,3.0,0
106.751,0.2449,0.8316,0.2455,OLHOS ABERTOS,0.0,0,0.4676,0,-3.6,-5.5,0,2,3.0,0
106.848,0.253,0.859,0.2361,OLHOS ABERTOS,0.0,0,0.4676,0,-3.6,-5.4,0,2,3.0,0
106.959,0.2586,0.8779,0.225,OLHOS ABERTOS,0.0,0,0.4683,0,-3.6,-5.3,0,2,3.0,0
107.056,0.2592,0.8799,0.2268,OLHOS ABERTOS,0.0,0,0.4676,0,-3.6,-5.2,0,2,3.0,0
107.154,0.2593,0.8803,0.2292,OLHOS ABERTOS,0.0,0,0.4676,0,-3.6,-5.2,0,2,3.0,0
107.255,0.2603,0.8836,0.2246,OLHOS ABERTOS,0.0,0,0.4683,0,-3.6,-5.3,0,2,3.0,0
107.361,0.2598,0.882,0.2269,OLHOS ABERTOS,0.0,0,0.4683,0,-3.5,-5.5,0,2,3.0,0
107.467,0.2585,0.8777,0.2257,OLHOS ABERTOS,0.0,0,0.4683,0,-3.4,-5.6,0,2,3.0,0
107.564,0.2584,0.8773,0.216,OLHOS ABERTOS,0.0,0,0.4683,0,-3.4,-5.6,0,2,3.0,0
107.651,0.2405,0.8166,0.2382,OLHOS ABERTOS,0.0,0,0.4683,0,-3.4,-5.8,0,2,3.0,0
107.763,0.2411,0.8186,0.2343,OLHOS ABERTOS,0.0,0,0.4683,0,-3.4,-5.8,0,2,3.0,0
107.856,0.2418,0.8211,0.229,OLHOS ABERTOS,0.0,0,0.4683,0,-3.4,-5.8,0,2,3.0,0
107.952,0.2491,0.8459,0.2382,OLHOS ABERTOS,0.0,0,0.4676,0,-3.4,-5.7,0,2,3.0,0
108.047,0.2638,0.8955,0.2204,OLHOS ABERTOS,0.0,0,0.4676,0,-3.4,-5.4,0,2,3.0,0
108.159,0.2639,0.896,0.221,OLHOS ABERTOS,0.0,0,0.4683,0,-3.5,-5.3,0,2,3.0,0
108.255,0.266,0.9032,0.2197,OLHOS ABERTOS,0.0,0,0.4676,0,-3.5,-5.3,0,2,3.0,0
108.351,0.2662,0.9038,0.2192,OLHOS ABERTOS,0.0,0,0.4683,0,-3.4,-5.3,0,2,3.0,0
108.448,0.2637,0.8953,0.2205,OLHOS ABERTOS,0.0,0,0.4676,0,-3.4,-5.2,0,2,3.0,0
108.559,0.263,0.8929,0.2177,OLHOS ABERTOS,0.0,0,0.4667,0,-3.5,-5.2,0,2,3.0,0
108.656,0.2627,0.892,0.2197,OLHOS ABERTOS,0.0,0,0.465,0,-3.4,-5.1,0,2,3.0,0
108.752,0.1343,0.4561,0.598,OLHOS FECHADOS,4.31,0,0.4667,0,-3.7,-5.2,0,2,2.0,0
108.847,0.1552,0.527,0.5039,OLHOS FECHADOS,8.61,0,0.4676,0,-3.7,-5.1,0,2,2.0,0
108.959,0.2158,0.7327,0.2959,SEMICERRADO,10.62,0,0.47,0,-3.6,-5.2,0,2,2.0,0
109.056,0.2355,0.7996,0.2549,OLHOS ABERTOS,8.21,0,0.47,0,-3.3,-5.0,0,2,3.0,0
109.151,0.2499,0.8485,0.2292,OLHOS ABERTOS,5.81,0,0.47,0,-3.4,-5.0,0,2,3.0,0
109.248,0.2539,0.8621,0.2207,OLHOS ABERTOS,3.41,0,0.47,0,-3.3,-5.0,0,2,3.0,0
109.359,0.2568,0.8719,0.2239,OLHOS ABERTOS,0.62,0,0.47,0,-3.4,-5.1,0,2,3.0,0
109.456,0.2563,0.8703,0.2242,OLHOS ABERTOS,0.0,0,0.47,0,-3.4,-4.9,0,2,3.0,0
109.552,0.257,0.8725,0.223,OLHOS ABERTOS,0.0,0,0.47,0,-3.3,-5.1,0,2,3.0,0
109.649,0.258,0.8758,0.2253,OLHOS ABERTOS,0.0,0,0.47,0,-3.3,-5.1,0,2,3.0,0
109.759,0.2565,0.871,0.2288,OLHOS ABERTOS,0.0,0,0.47,0,-3.5,-5.0,0,2,3.0,0
109.856,0.2562,0.8697,0.2314,OLHOS ABERTOS,0.0,0,0.47,0,-3.4,-5.0,0,2,3.0,0
109.952,0.2569,0.8723,0.2278,OLHOS ABERTOS,0.0,0,0.47,0,-3.5,-5.0,0,2,3.0,0
110.047,0.2573,0.8734,0.2276,OLHOS ABERTOS,0.0,0,0.4692,0,-3.5,-5.0,0,2,3.0,0
110.16,0.2567,0.8715,0.2281,OLHOS ABERTOS,0.0,0,0.47,0,-3.5,-5.0,0,2,3.0,0
110.267,0.2261,0.7678,0.265,SEMICERRADO,1.93,0,0.4717,0,-3.5,-5.3,0,2,3.0,0
110.354,0.2165,0.7351,0.2828,SEMICERRADO,3.49,0,0.4733,0,-3.4,-5.4,0,2,3.0,0
110.447,0.2161,0.7337,0.2829,SEMICERRADO,5.17,0,0.475,0,-3.3,-5.5,0,2,3.0,0
110.559,0.2185,0.7419,0.2715,SEMICERRADO,7.18,0,0.4767,0,-3.4,-5.5,0,2,3.0,0
110.655,0.2192,0.7441,0.2742,SEMICERRADO,8.92,0,0.4783,0,-3.3,-5.5,0,2,3.0,0
110.752,0.2326,0.7897,0.25,OLHOS ABERTOS,6.51,0,0.4783,0,-3.3,-5.4,0,2,3.0,0
110.851,0.2385,0.8099,0.2432,OLHOS ABERTOS,4.03,0,0.4783,0,-3.4,-5.4,0,2,3.0,0
110.959,0.2407,0.8174,0.2442,OLHOS ABERTOS,1.32,0,0.4783,0,-3.3,-5.3,0,2,3.0,0
111.056,0.2438,0.8277,0.2462,OLHOS ABERTOS,0.0,0,0.4783,0,-3.2,-5.3,0,2,3.0,0
111.151,0.2445,0.8302,0.2453,OLHOS ABERTOS,0.0,0,0.4783,0,-3.2,-5.3,0,2,3.0,0
111.247,0.2457,0.8341,0.2443,OLHOS ABERTOS,0.0,0,0.4775,0,-3.3,-5.1,0,2,3.0,0
111.359,0.2487,0.8445,0.2412,OLHOS ABERTOS,0.0,0,0.4783,0,-3.3,-5.1,0,2,3.0,0
111.455,0.2489,0.8451,0.2395,OLHOS ABERTOS,0.0,0,0.4775,0,-3.2,-5.1,0,2,3.0,0
111.552,0.2493,0.8466,0.239,OLHOS ABERTOS,0.0,0,0.4783,0,-3.4,-5.1,0,2,3.0,0
111.65,0.251,0.8522,0.2405,OLHOS ABERTOS,0.0,0,0.4783,0,-3.3,-5.1,0,2,3.0,0
111.763,0.2519,0.8551,0.2365,OLHOS ABERTOS,0.0,0,0.4783,0,-3.3,-5.1,0,2,3.0,0
111.866,0.2527,0.858,0.2347,OLHOS ABERTOS,0.0,0,0.4783,0,-3.5,-5.4,0,2,3.0,0
111.955,0.2528,0.8584,0.2382,OLHOS ABERTOS,0.0,0,0.4783,0,-3.3,-5.2,0,2,3.0,0
112.048,0.2532,0.8598,0.2383,OLHOS ABERTOS,0.0,0,0.4783,0,-3.2,-5.0,0,2,3.0,0
112.164,0.2531,0.8595,0.2378,OLHOS ABERTOS,0.0,0,0.4783,0,-3.2,-5.2,0,2,3.0,0
112.258,0.253,0.8591,0.2389,OLHOS ABERTOS,0.0,0,0.4783,0,-3.3,-5.1,0,2,3.0,0
112.352,0.2523,0.8565,0.2394,OLHOS ABERTOS,0.0,0,0.4775,0,-3.2,-5.1,0,2,3.0,0
112.448,0.2534,0.8603,0.2359,OLHOS ABERTOS,0.0,0,0.4783,0,-3.2,-5.1,0,2,3.0,0
112.559,0.2528,0.8584,0.2344,OLHOS ABERTOS,0.0,0,0.4783,0,-3.2,-5.1,0,2,3.0,0
112.656,0.2531,0.8594,0.2373,OLHOS ABERTOS,0.0,0,0.4783,0,-3.3,-5.2,0,2,3.0,0
112.752,0.2563,0.8702,0.2306,OLHOS ABERTOS,0.0,0,0.4783,0,-3.3,-5.2,0,2,3.0,0
112.847,0.2554,0.8673,0.2297,OLHOS ABERTOS,0.0,0,0.4775,0,-3.3,-5.1,0,2,3.0,0
112.959,0.2582,0.8765,0.2197,OLHOS ABERTOS,0.0,0,0.4783,0,-3.4,-5.1,0,2,3.0,0
113.056,0.2614,0.8875,0.2143,OLHOS ABERTOS,0.0,0,0.4783,0,-3.3,-5.2,0,2,3.0,0
113.151,0.264,0.8962,0.2124,OLHOS ABERTOS,0.0,0,0.4775,0,-3.3,-5.1,0,2,3.0,0
113.248,0.264,0.8965,0.2114,OLHOS ABERTOS,0.0,0,0.4775,0,-3.4,-4.9,0,2,3.0,0
113.36,0.2566,0.8712,0.2167,OLHOS ABERTOS,0.0,0,0.4783,0,-3.4,-5.0,0,2,3.0,0
113.455,0.2536,0.8609,0.2193,OLHOS ABERTOS,0.0,0,0.4775,0,-3.3,-5.2,0,2,3.0,1
113.552,0.2547,0.8648,0.2217,OLHOS ABERTOS,0.0,0,0.4783,0,-3.3,-5.1,0,2,3.0,1
113.647,0.2542,0.8631,0.2243,OLHOS ABERTOS,0.0,0,0.4775,0,-3.3,-4.9,0,2,3.0,1
113.76,0.1373,0.4661,0.5626,OLHOS FECHADOS,5.08,0,0.48,0,-3.5,-4.8,0,2,3.0,1
113.856,0.1234,0.4189,0.5923,OLHOS FECHADOS,9.39,0,0.4809,0,-3.7,-5.2,0,2,3.0,1
113.951,0.1167,0.3962,0.59,OLHOS FECHADOS,13.68,0,0.4825,0,-3.8,-5.2,0,2,3.0,1
114.048,0.0959,0.3255,0.6418,OLHOS FECHADOS,18.04,0,0.4842,0,-3.7,-5.3,0,2,3.0,1
114.162,0.0888,0.3016,0.6626,OLHOS FECHADOS,23.16,0,0.4867,0,-3.7,-5.3,0,2,3.0,1
114.255,0.088,0.2989,0.6574,OLHOS FECHADOS,27.37,0,0.4883,0,-3.7,-5.4,0,2,3.0,1
114.361,0.0917,0.3112,0.6536,OLHOS FECHADOS,32.11,1,0.49,0,-3.8,-5.4,0,2,3.0,1
114.461,0.0922,0.313,0.6435,OLHOS FECHADOS,36.63,1,0.4917,0,-4.0,-5.7,0,2,3.0,1
114.564,0.0921,0.3125,0.6466,OLHOS FECHADOS,41.26,1,0.4933,0,-3.7,-5.6,0,2,3.0,1
114.661,0.0934,0.317,0.6437,OLHOS FECHADOS,45.64,1,0.495,0,-3.7,-5.6,0,2,3.0,1
114.752,0.092,0.3124,0.6451,OLHOS FECHADOS,49.72,1,0.4967,0,-3.6,-5.7,0,2,3.0,1
114.862,0.0942,0.3198,0.6472,OLHOS FECHADOS,54.66,1,0.4983,0,-3.7,-5.6,0,2,3.0,1
114.96,0.0875,0.2969,0.6741,OLHOS FECHADOS,59.08,1,0.5,0,-3.6,-5.4,0,2,3.0,1
115.055,0.0888,0.3016,0.6606,OLHOS FECHADOS,63.37,2,0.5017,0,-3.4,-5.3,0,2,3.0,1
115.151,0.0887,0.3012,0.6613,OLHOS FECHADOS,67.7,2,0.5033,0,-3.4,-5.5,0,2,3.0,1
115.248,0.0888,0.3016,0.6598,OLHOS FECHADOS,72.03,2,0.505,0,-3.4,-5.4,0,2,3.0,1
115.361,0.0898,0.3049,0.6576,OLHOS FECHADOS,77.11,2,0.5067,0,-3.3,-5.6,0,2,3.0,1
115.455,0.091,0.3088,0.6544,OLHOS FECHADOS,81.37,2,0.5075,0,-3.3,-5.5,0,2,3.0,1
115.553,0.0943,0.3202,0.6504,OLHOS FECHADOS,85.78,3,0.51,0,-3.5,-5.6,0,2,3.0,1
115.65,0.0967,0.3282,0.6433,OLHOS FECHADOS,90.12,3,0.5117,0,-3.5,-5.6,0,2,3.0,1
115.761,0.0967,0.3284,0.643,OLHOS FECHADOS,95.14,3,0.5133,0,-3.6,-5.5,0,3,3.0,1
115.857,0.0952,0.3232,0.645,OLHOS FECHADOS,99.42,3,0.515,0,-3.4,-5.5,0,3,3.0,1
115.966,0.0958,0.3253,0.6451,OLHOS FECHADOS,100.0,3,0.5167,0,-3.5,-5.3,0,3,3.0,1
116.047,0.0943,0.3202,0.6445,OLHOS FECHADOS,100.0,3,0.5175,0,-3.5,-5.2,0,3,3.0,1
116.159,0.0931,0.3161,0.6394,OLHOS FECHADOS,100.0,3,0.52,0,-3.5,-5.2,0,3,3.0,1
116.256,0.0918,0.3117,0.6416,OLHOS FECHADOS,100.0,3,0.5217,0,-3.4,-5.3,0,3,3.0,1
116.356,0.0921,0.3128,0.6441,OLHOS FECHADOS,100.0,3,0.5233,0,-3.4,-5.4,0,3,3.0,1
116.453,0.0951,0.3229,0.6383,OLHOS FECHADOS,100.0,3,0.525,0,-3.5,-5.4,0,3,3.0,1
116.561,0.098,0.3326,0.6349,OLHOS FECHADOS,100.0,3,0.5267,0,-3.5,-5.5,0,3,3.0,1
116.655,0.0976,0.3313,0.6396,OLHOS FECHADOS,100.0,3,0.5275,0,-3.5,-5.4,0,3,3.0,1
116.753,0.0955,0.3243,0.6438,OLHOS FECHADOS,100.0,3,0.5291,0,-3.4,-5.5,0,3,3.0,1
116.847,0.0967,0.3282,0.6471,OLHOS FECHADOS,100.0,3,0.5308,0,-3.4,-5.4,0,3,3.0,1
116.959,0.0961,0.3264,0.6406,OLHOS FECHADOS,100.0,3,0.5333,0,-3.5,-5.5,0,3,3.0,1
117.056,0.0926,0.3145,0.6458,OLHOS FECHADOS,100.0,3,0.5341,0,-3.6,-5.8,0,3,3.0,1
117.151,0.0918,0.3118,0.6493,OLHOS FECHADOS,100.0,3,0.5367,0,-3.6,-5.7,0,3,3.0,1
117.249,0.0958,0.3251,0.6492,OLHOS FECHADOS,100.0,3,0.5374,0,-3.6,-5.8,0,3,3.0,1
117.359,0.096,0.3261,0.6458,OLHOS FECHADOS,100.0,3,0.54,0,-3.7,-6.0,0,3,3.0,1
117.455,0.0981,0.3331,0.6317,OLHOS FECHADOS,100.0,3,0.5408,0,-3.6,-5.7,0,3,3.0,1
117.563,0.0886,0.3009,0.6446,OLHOS FECHADOS,100.0,3,0.5433,0,-3.3,-5.6,0,3,3.0,1
117.648,0.0889,0.3018,0.648,OLHOS FECHADOS,100.0,3,0.5441,0,-3.3,-5.6,0,3,3.0,1
117.759,0.0898,0.3048,0.6526,OLHOS FECHADOS,100.0,3,0.5467,0,-3.5,-5.5,0,3,3.0,1
117.856,0.0914,0.3104,0.6455,OLHOS FECHADOS,100.0,3,0.5483,0,-3.5,-5.6,0,3,3.0,1
117.951,0.0876,0.2976,0.6556,OLHOS FECHADOS,100.0,3,0.55,0,-3.4,-5.6,0,3,3.0,1
118.047,0.089,0.3021,0.651,OLHOS FECHADOS,100.0,3,0.5507,0,-3.4,-5.4,0,3,3.0,1
118.159,0.093,0.3159,0.6405,OLHOS FECHADOS,100.0,3,0.5533,0,-3.5,-5.5,0,3,3.0,1
118.256,0.0904,0.307,0.639,OLHOS FECHADOS,100.0,3,0.555,0,-3.4,-5.5,0,3,3.0,1
118.357,0.0911,0.3092,0.64,OLHOS FECHADOS,100.0,3,0.5567,0,-3.4,-5.5,0,3,3.0,1
118.447,0.0898,0.305,0.644,OLHOS FECHADOS,100.0,3,0.5574,0,-3.3,-5.6,0,3,3.0,1
118.559,0.0915,0.3108,0.6413,OLHOS FECHADOS,100.0,3,0.56,0,-3.2,-5.4,0,3,3.0,1
118.656,0.0889,0.3019,0.6426,OLHOS FECHADOS,100.0,3,0.5607,0,-3.2,-5.4,0,3,3.0,1
118.751,0.0869,0.2949,0.6521,OLHOS FECHADOS,100.0,3,0.5633,0,-3.2,-5.0,0,3,3.0,1
118.847,0.0886,0.3008,0.6503,OLHOS FECHADOS,100.0,3,0.5641,0,-3.2,-5.3,0,3,3.0,1
118.96,0.0891,0.3024,0.6524,OLHOS FECHADOS,100.0,3,0.5667,0,-3.2,-5.2,0,3,3.0,1
119.056,0.0903,0.3066,0.6533,OLHOS FECHADOS,100.0,3,0.5674,0,-3.2,-5.3,0,3,3.0,1
119.152,0.0878,0.2981,0.6548,OLHOS FECHADOS,100.0,3,0.5691,0,-3.2,-5.3,0,3,3.0,1
119.247,0.0899,0.3051,0.6436,OLHOS FECHADOS,100.0,3,0.5707,0,-3.2,-5.3,0,3,3.0,1
119.359,0.0914,0.3103,0.6544,OLHOS FECHADOS,100.0,3,0.5733,0,-3.3,-5.3,0,3,3.0,1
119.457,0.0905,0.3074,0.6506,OLHOS FECHADOS,100.0,3,0.575,0,-3.3,-5.2,0,3,3.0,1
119.551,0.0922,0.3132,0.6399,OLHOS FECHADOS,100.0,3,0.5757,0,-3.3,-5.4,0,3,3.0,1
119.647,0.0921,0.3127,0.6401,OLHOS FECHADOS,100.0,3,0.5774,0,-3.3,-5.3,0,3,3.0,1
119.76,0.0932,0.3166,0.6375,OLHOS FECHADOS,100.0,3,0.58,0,-3.3,-5.3,0,3,3.0,1
119.855,0.0917,0.3112,0.6432,OLHOS FECHADOS,100.0,3,0.5817,0,-3.2,-5.5,0,3,3.0,1
119.954,0.093,0.3157,0.6362,OLHOS FECHADOS,100.0,3,0.5833,0,-3.2,-5.4,0,3,3.0,1
120.048,0.0934,0.317,0.6354,OLHOS FECHADOS,100.0,3,0.585,0,-3.2,-5.4,0,3,3.0,1
120.159,0.0939,0.3187,0.6375,OLHOS FECHADOS,100.0,3,0.5867,0,-3.2,-5.2,0,3,3.0,1
120.256,0.0912,0.3097,0.6476,OLHOS FECHADOS,100.0,3,0.5874,0,-3.3,-5.2,0,3,3.0,1
120.352,0.0904,0.3068,0.6496,OLHOS FECHADOS,100.0,3,0.59,0,-3.2,-5.3,0,3,3.0,1
120.452,0.0913,0.3098,0.6434,OLHOS FECHADOS,100.0,3,0.5917,0,-3.3,-5.4,0,3,3.0,1
120.559,0.0904,0.3071,0.6437,OLHOS FECHADOS,100.0,3,0.5933,0,-3.3,-5.4,0,3,3.0,1
120.655,0.0924,0.3138,0.642,OLHOS FECHADOS,100.0,3,0.594,0,-3.4,-5.3,0,3,3.0,1
120.752,0.0928,0.3152,0.641,OLHOS FECHADOS,100.0,3,0.5967,0,-3.3,-5.3,0,3,3.0,1
120.847,0.0962,0.3265,0.6357,OLHOS FECHADOS,100.0,3,0.5973,0,-3.4,-5.3,0,3,3.0,1
120.959,0.0934,0.3171,0.6371,OLHOS FECHADOS,100.0,3,0.6,0,-3.5,-5.4,0,3,3.0,1
121.056,0.093,0.3157,0.6374,OLHOS FECHADOS,100.0,3,0.6007,0,-3.5,-5.4,0,3,3.0,1
121.151,0.0918,0.3118,0.6417,OLHOS FECHADOS,100.0,3,0.6023,0,-3.3,-5.3,0,3,3.0,1
121.248,0.0941,0.3196,0.6372,OLHOS FECHADOS,100.0,3,0.605,0,-3.4,-5.3,0,3,3.0,1
121.36,0.0939,0.3188,0.6405,OLHOS FECHADOS,100.0,3,0.6067,0,-3.4,-5.6,0,3,3.0,1
121.455,0.0921,0.3126,0.6472,OLHOS FECHADOS,100.0,3,0.6073,0,-3.4,-5.5,0,3,3.0,1
121.551,0.0897,0.3044,0.6465,OLHOS FECHADOS,100.0,3,0.609,0,-3.3,-5.5,0,3,3.0,1
121.647,0.0921,0.3125,0.6378,OLHOS FECHADOS,100.0,3,0.6117,0,-3.2,-5.4,0,3,3.0,1
121.76,0.0915,0.3108,0.6361,OLHOS FECHADOS,100.0,3,0.6117,0,-3.2,-5.4,0,3,3.0,1
121.856,0.094,0.3192,0.6334,OLHOS FECHADOS,100.0,3,0.6117,0,-3.3,-5.4,0,3,3.0,1
121.951,0.0971,0.3297,0.6311,OLHOS FECHADOS,100.0,3,0.6117,0,-3.3,-5.4,0,3,3.0,1
122.048,0.0918,0.3117,0.6348,OLHOS FECHADOS,100.0,3,0.6123,0,-3.3,-5.4,0,3,3.0,1
122.16,0.0908,0.3082,0.6367,OLHOS FECHADOS,100.0,3,0.615,0,-3.3,-5.4,0,3,2.0,1
122.255,0.0865,0.2935,0.6444,OLHOS FECHADOS,100.0,3,0.6156,0,-3.3,-5.4,0,3,2.0,1
122.351,0.088,0.2987,0.6478,OLHOS FECHADOS,100.0,3,0.6173,0,-3.2,-5.4,0,3,2.0,1
122.453,0.0885,0.3006,0.6479,OLHOS FECHADOS,100.0,3,0.62,0,-3.3,-5.5,0,3,2.0,1
122.56,0.0922,0.3132,0.6372,OLHOS FECHADOS,100.0,3,0.6217,0,-3.3,-5.4,0,3,2.0,1
122.655,0.0916,0.3111,0.6363,OLHOS FECHADOS,100.0,3,0.6223,0,-3.2,-5.3,0,3,2.0,1
122.752,0.0908,0.3084,0.6402,OLHOS FECHADOS,100.0,3,0.625,0,-3.2,-5.3,0,3,2.0,1
122.848,0.093,0.3158,0.6377,OLHOS FECHADOS,100.0,3,0.6267,0,-3.4,-5.3,0,3,2.0,1
122.961,0.0931,0.3159,0.6376,OLHOS FECHADOS,100.0,3,0.6283,0,-3.5,-5.3,0,3,2.0,1
123.055,0.0928,0.315,0.6345,OLHOS FECHADOS,100.0,3,0.629,0,-3.5,-5.3,0,3,2.0,1
123.152,0.0898,0.305,0.6375,OLHOS FECHADOS,100.0,3,0.6317,0,-3.5,-5.3,0,3,2.0,1
123.248,0.0931,0.3161,0.6332,OLHOS FECHADOS,100.0,3,0.6333,0,-3.3,-5.3,0,3,2.0,1
123.359,0.0903,0.3064,0.636,OLHOS FECHADOS,100.0,3,0.635,0,-3.3,-5.3,0,3,2.0,1
123.455,0.0929,0.3156,0.6337,OLHOS FECHADOS,100.0,3,0.6356,0,-3.3,-5.4,0,3,2.0,1
123.551,0.0951,0.3229,0.6326,OLHOS FECHADOS,100.0,3,0.6373,0,-3.4,-5.2,0,3,2.0,1
123.649,0.0935,0.3176,0.6363,OLHOS FECHADOS,100.0,3,0.64,0,-3.3,-5.3,0,3,2.0,1
123.76,0.0924,0.3138,0.6416,OLHOS FECHADOS,100.0,3,0.6417,0,-3.3,-5.4,0,3,2.0,1
123.855,0.0926,0.3145,0.641,OLHOS FECHADOS,100.0,3,0.6423,0,-3.3,-5.3,0,3,2.0,1
123.951,0.0919,0.312,0.6423,OLHOS FECHADOS,100.0,3,0.6439,0,-3.2,-5.3,0,3,2.0,1
124.048,0.093,0.3159,0.6399,OLHOS FECHADOS,100.0,3,0.6456,0,-3.3,-5.5,0,3,2.0,1
124.16,0.0936,0.3179,0.6398,OLHOS FECHADOS,100.0,3,0.6483,0,-3.3,-5.5,0,3,2.0,1
124.256,0.0956,0.3247,0.6376,OLHOS FECHADOS,100.0,3,0.65,0,-3.3,-5.5,0,3,2.0,1
124.351,0.096,0.3259,0.6354,OLHOS FECHADOS,100.0,3,0.6506,0,-3.3,-5.5,0,3,2.0,1
124.448,0.0951,0.3228,0.6358,OLHOS FECHADOS,100.0,3,0.6533,0,-3.2,-5.3,0,3,2.0,1
124.559,0.0943,0.3201,0.6421,OLHOS FECHADOS,100.0,3,0.655,0,-3.4,-5.5,0,3,2.0,1
124.656,0.0957,0.3251,0.6383,OLHOS FECHADOS,100.0,3,0.6556,0,-3.3,-5.4,0,3,2.0,1
124.752,0.0948,0.322,0.6413,OLHOS FECHADOS,100.0,3,0.6583,0,-3.3,-5.3,0,3,2.0,1
124.847,0.0933,0.3168,0.6469,OLHOS FECHADOS,100.0,3,0.66,0,-3.1,-5.5,0,3,2.0,1
124.96,0.0951,0.3227,0.6344,OLHOS FECHADOS,100.0,3,0.6617,0,-3.1,-5.5,0,3,2.0,1
125.055,0.0935,0.3176,0.6403,OLHOS FECHADOS,100.0,3,0.6622,0,-3.3,-5.4,0,3,2.0,1
125.152,0.0918,0.3117,0.6388,OLHOS FECHADOS,100.0,3,0.6639,0,-3.4,-5.5,0,3,2.0,1
125.248,0.0913,0.3099,0.6393,OLHOS FECHADOS,100.0,3,0.6656,0,-3.2,-5.6,0,3,2.0,1
125.359,0.0922,0.3132,0.6402,OLHOS FECHADOS,100.0,3,0.6683,0,-3.3,-5.4,0,3,2.0,1
125.455,0.0956,0.3246,0.629,OLHOS FECHADOS,100.0,3,0.6689,0,-3.4,-5.5,0,3,2.0,1
125.551,0.096,0.3259,0.6258,OLHOS FECHADOS,100.0,3,0.6705,0,-3.4,-5.3,0,3,2.0,1
125.647,0.0955,0.3241,0.6267,OLHOS FECHADOS,100.0,3,0.6733,0,-3.2,-5.2,0,3,2.0,1
125.759,0.0954,0.3238,0.6265,OLHOS FECHADOS,100.0,3,0.675,0,-3.1,-5.3,0,3,2.0,1
125.856,0.0977,0.3318,0.626,OLHOS FECHADOS,100.0,3,0.6755,0,-3.2,-5.3,0,3,2.0,1
125.951,0.0985,0.3344,0.6273,OLHOS FECHADOS,100.0,3,0.6772,0,-3.3,-5.5,0,3,2.0,1
126.051,0.0965,0.3278,0.6299,OLHOS FECHADOS,100.0,3,0.68,0,-3.3,-5.5,0,3,2.0,1
126.161,0.0938,0.3184,0.6355,OLHOS FECHADOS,100.0,3,0.6817,0,-3.2,-5.4,0,3,2.0,1
126.256,0.0928,0.315,0.6393,OLHOS FECHADOS,100.0,3,0.6833,0,-3.2,-5.4,0,3,2.0,1
126.351,0.0916,0.3111,0.6418,OLHOS FECHADOS,100.0,3,0.6839,0,-3.3,-5.5,0,3,2.0,1
126.45,0.0912,0.3096,0.6425,OLHOS FECHADOS,100.0,3,0.6867,0,-3.2,-5.3,0,3,2.0,1
126.559,0.0939,0.3188,0.6431,OLHOS FECHADOS,100.0,3,0.6883,0,-3.2,-5.3,0,3,2.0,1
126.655,0.0929,0.3153,0.6437,OLHOS FECHADOS,100.0,3,0.6889,0,-3.3,-5.1,0,3,2.0,1
126.752,0.0926,0.3143,0.6486,OLHOS FECHADOS,100.0,3,0.6917,0,-3.3,-5.5,0,3,2.0,1
126.848,0.0907,0.308,0.6541,OLHOS FECHADOS,100.0,3,0.6933,0,-3.4,-5.5,0,3,2.0,1
126.96,0.0901,0.3061,0.6563,OLHOS FECHADOS,100.0,3,0.695,0,-3.4,-5.5,0,3,2.0,1
127.055,0.0947,0.3215,0.648,OLHOS FECHADOS,100.0,3,0.6955,0,-3.3,-5.4,0,3,2.0,1
127.151,0.0941,0.3195,0.649,OLHOS FECHADOS,100.0,3,0.6972,0,-3.3,-5.5,0,3,2.0,1
127.248,0.0941,0.3196,0.6408,OLHOS FECHADOS,100.0,3,0.6988,0,-3.3,-5.6,0,3,2.0,1
127.36,0.099,0.3361,0.6135,OLHOS FECHADOS,100.0,3,0.7017,0,-3.3,-5.6,0,3,2.0,1
127.455,0.1106,0.3754,0.5992,OLHOS FECHADOS,100.0,3,0.7022,0,-3.4,-5.5,0,3,2.0,1
127.551,0.1035,0.3514,0.6199,OLHOS FECHADOS,100.0,3,0.7038,0,-3.4,-5.5,0,3,2.0,1
127.648,0.101,0.343,0.6205,OLHOS FECHADOS,100.0,3,0.7055,0,-3.4,-5.5,0,3,2.0,1
127.76,0.1044,0.3545,0.6165,OLHOS FECHADOS,100.0,3,0.7083,0,-3.4,-5.4,0,3,2.0,1
127.856,0.102,0.3463,0.6168,OLHOS FECHADOS,100.0,3,0.71,0,-3.4,-5.5,0,3,2.0,1
127.952,0.1046,0.3551,0.615,OLHOS FECHADOS,100.0,3,0.7117,0,-3.4,-5.5,0,3,2.0,1
128.047,0.1125,0.382,0.59,OLHOS FECHADOS,100.0,3,0.7133,0,-3.4,-5.5,0,3,2.0,1
128.161,0.1138,0.3865,0.5798,OLHOS FECHADOS,100.0,3,0.715,0,-3.5,-5.4,0,3,2.0,1
128.259,0.1179,0.4003,0.5666,OLHOS FECHADOS,100.0,3,0.7167,0,-3.4,-5.5,0,3,2.0,1
128.353,0.1175,0.3991,0.5688,OLHOS FECHADOS,100.0,3,0.7183,0,-3.3,-5.5,0,3,2.0,1
128.46,0.12,0.4075,0.5688,OLHOS FECHADOS,100.0,3,0.72,0,-3.5,-5.5,0,3,2.0,1
128.574,0.1192,0.4046,0.5699,OLHOS FECHADOS,100.0,3,0.72,0,-3.5,-5.5,0,3,2.0,1
128.668,0.1178,0.3998,0.5672,OLHOS FECHADOS,100.0,3,0.72,0,-3.5,-5.5,0,3,2.0,1
128.756,0.1173,0.3982,0.5674,OLHOS FECHADOS,100.0,3,0.72,0,-3.4,-5.3,0,3,2.0,1
128.848,0.1157,0.3928,0.5698,OLHOS FECHADOS,100.0,3,0.72,0,-3.4,-5.3,0,3,2.0,1
128.959,0.1153,0.3914,0.5745,OLHOS FECHADOS,100.0,3,0.72,0,-3.5,-5.5,0,3,2.0,1
129.058,0.1154,0.3918,0.5737,OLHOS FECHADOS,100.0,3,0.72,0,-3.5,-5.5,0,3,2.0,1
129.152,0.116,0.3937,0.5743,OLHOS FECHADOS,100.0,3,0.72,0,-3.4,-5.5,0,3,2.0,1
129.249,0.1165,0.3954,0.5709,OLHOS FECHADOS,100.0,3,0.72,0,-3.4,-5.5,0,3,2.0,1
129.359,0.1164,0.3951,0.5816,OLHOS FECHADOS,100.0,3,0.72,0,-3.3,-5.5,0,3,2.0,1
129.455,0.1178,0.3999,0.5728,OLHOS FECHADOS,100.0,3,0.7205,0,-3.2,-5.4,0,3,2.0,1
129.551,0.1254,0.4258,0.5498,OLHOS FECHADOS,100.0,3,0.72,0,-3.4,-5.5,0,3,2.0,1
129.648,0.1649,0.5599,0.4047,SEMICERRADO,100.0,3,0.72,0,-3.1,-5.6,0,3,2.0,1
129.759,0.2037,0.6915,0.3017,SEMICERRADO,100.0,3,0.72,0,-3.0,-5.6,0,3,2.0,1
129.855,0.2194,0.7448,0.2733,SEMICERRADO,100.0,3,0.7205,0,-3.0,-5.5,0,3,2.0,1
